priority,score,id,current_label,suggested_action,text,l1,l2,current_reason,flags,controversial,difficulty,register_group,register,original_split,reviewer_decision,reviewer_reason
HIGH,12,POS-0380,POSITIVE,MOVE_TO_NEGATIVE,本届学生会主席由王某担任，他也是学前教育专业历史上第一位男性主席。,二、冗余标记（性别在场却不承载信息）,2.5 “首位女性”式顺位标注,顺位标注把当事人的身份变成新闻点，与其当选无关。,争议样本 | 处置强度较弱 | 依赖假设或隐藏语境：若 | 已知高风险边界子类 | 可被理解为具体事实或具体对象,是,中,社交与社区,校园报道,index,,
HIGH,10,POS-0088,POSITIVE,MOVE_TO_NEGATIVE,年会上我们请到了第一位女性大区经理李娜，分享她的销售心得。,二、冗余标记（性别在场却不承载信息）,2.5 “首位女性”式顺位标注,此处主题为销售经验，首位女性的标注与内容无关。,争议样本 | 处置强度较弱 | 已知高风险边界子类 | 可被理解为具体事实或具体对象,是,难,公文与规章,内部邮件,dev,,
HIGH,10,POS-0089,POSITIVE,MOVE_TO_NEGATIVE,这是我司首位女性技术总监，她将负责中台重构项目。,二、冗余标记（性别在场却不承载信息）,2.5 “首位女性”式顺位标注,任命公告的重点是职责，首位女性的标注反而弱化其专业身份。,争议样本 | 处置强度较弱 | 已知高风险边界子类 | 可被理解为具体事实或具体对象,是,难,商业与产品,公司公告,index,,
HIGH,10,POS-0094,POSITIVE,MOVE_TO_NEGATIVE,他是该幼儿园建园以来第一位男性园长，主抓课程改革。,二、冗余标记（性别在场却不承载信息）,2.5 “首位女性”式顺位标注,反向的顺位标注，同样属冗余。,争议样本 | 处置强度较弱 | 已知高风险边界子类 | 可被理解为具体事实或具体对象,是,难,新闻报道,校园报道,index,,
HIGH,10,POS-0258,POSITIVE,MOVE_TO_NEGATIVE,各位女士、各位先生，晚上好，欢迎来到本届颁奖典礼。,六、以性别设限与划界,6.1 二元穷举式称呼与并称,礼仪套语中的二元穷举。,争议样本 | 处置强度较弱 | 已知高风险边界子类 | 可被理解为具体事实或具体对象,是,中,公文与规章,颁奖典礼开场,index,,
HIGH,10,POS-0259,POSITIVE,REVIEW,本次拔河比赛以男女搭配为原则组队，每队须男四女四。,六、以性别设限与划界,6.1 二元穷举式称呼与并称,若无竞技规则依据，按性别配额组队属非必要划分。,争议样本 | 处置强度较弱 | 依赖假设或隐藏语境：若 | 已知高风险边界子类,是,难,公文与规章,工会活动通知,index,,
HIGH,10,POS-0516,POSITIVE,REVIEW,她是本奖项创设以来最年轻的女性得主，今年三十四岁。,二、冗余标记（性别在场却不承载信息）,2.5 “首位女性”式顺位标注,年龄纪录本身可报道，叠加性别限定后把纪录降为分组纪录。,争议样本 | 处置强度较弱 | 依赖假设或隐藏语境：若 | 已知高风险边界子类,是,中,新闻报道,颁奖报道,index,,
HIGH,10,POS-0520,POSITIVE,REVIEW,她经济持续升温，粉色消费成为拉动增长的新引擎。,二、冗余标记（性别在场却不承载信息）,2.6 商品、空间与内容的性别化归类,以性别化标签概括消费市场，并用颜色隐喻窄化其内涵。,争议样本 | 处置强度较弱 | 依赖假设或隐藏语境：有分歧 | 已知高风险边界子类,是,中,商业与产品,行业分析稿,test,,
HIGH,10,POS-0837,POSITIVE,MOVE_TO_NEGATIVE,恭喜苏敏晋升为公司首位女性首席架构师，即日起履新。,二、冗余标记（性别在场却不承载信息）,2.5 “首位女性”式顺位标注,内部晋升通报的功能是公示任职，顺位标注与履职无关。,争议样本 | 处置强度较弱 | 已知高风险边界子类 | 可被理解为具体事实或具体对象,是,中,工程与技术,内部通报,index,,
HIGH,9,POS-0269,POSITIVE,REVIEW,问卷设计初稿 第1题 您的性别（必填）：□男 □女,六、以性别设限与划界,6.3 表单、字段与选项的强制二元,本条为设计阶段的初稿，非既有问卷的引用；若为引用则属负例集 5.4，不得改动。,争议样本 | 处置强度较弱 | 依赖假设或隐藏语境：若、语境 | 边界子类,是,难,学术与调研,问卷题干,dev,,
HIGH,9,POS-0371,POSITIVE,REVIEW,本期推出青年才女专辑，收录五位作者的近作。,二、冗余标记（性别在场却不承载信息）,2.2 性别专用与阴性化称谓,“才女”为女性专用称谓，暗示其才华需另设一类来安放。,争议样本 | 处置强度较弱 | 依赖假设或隐藏语境：语境、有分歧 | 边界子类,是,中,文艺创作与评论,文学期刊编者按,index,,
HIGH,9,POS-0506,POSITIVE,REVIEW,今晚舞台稳得一批，不愧是我女神，隔壁男神也来了。,二、冗余标记（性别在场却不承载信息）,2.2 性别专用与阴性化称谓,以“神”这一外貌崇拜式称谓指代艺人，两个方向都把人化为符号。,争议样本 | 处置强度较弱 | 依赖假设或隐藏语境：语境、有分歧 | 边界子类,是,中,社交与社区,粉丝社群,dev,,
HIGH,9,POS-0595,POSITIVE,DELETE_OR_SPLIT,称谓下拉：先生 / 小姐（默认值：先生）,六、以性别设限与划界,6.1 二元穷举式称呼与并称,选项二元穷举，且默认值把未选择者一律归为男性。,争议样本 | 已知高风险边界子类 | 同条混合多个现象或结构化片段,是,中,商业与产品,下拉选项配置,index,,
HIGH,8,POS-0070,POSITIVE,REVIEW,办公室大姐大一发话，谁都不敢吭声。,二、冗余标记（性别在场却不承载信息）,2.2 性别专用与阴性化称谓,江湖气的性别化封号，隐含女性掌权是异类。,争议样本 | 处置强度较弱 | 依赖假设或隐藏语境：语境 | 边界子类,是,中,口语与私人交流,办公室闲聊,test,,
HIGH,8,POS-0073,POSITIVE,REVIEW,她笔下的江湖，颇有几分脂粉英雄的意味。,二、冗余标记（性别在场却不承载信息）,2.2 性别专用与阴性化称谓,以“脂粉”限定“英雄”，暗示女性英雄需另设范畴。,争议样本 | 处置强度较弱 | 依赖假设或隐藏语境：有分歧 | 边界子类,是,难,文艺创作与评论,书评,index,,
HIGH,8,POS-0093,POSITIVE,REVIEW,下面有请本届唯一的女性获奖者上台领奖。,二、冗余标记（性别在场却不承载信息）,2.5 “首位女性”式顺位标注,以性别稀缺性替代获奖者本人的身份介绍。,争议样本 | 处置强度较弱 | 已知高风险边界子类,是,难,商业与产品,颁奖典礼串词,dev,,
HIGH,8,POS-0256,POSITIVE,REVIEW,女士们、先生们，欢迎乘坐本次列车。,六、以性别设限与划界,6.1 二元穷举式称呼与并称,礼仪套语，改为身份称呼更简洁且无排他。,争议样本 | 处置强度较弱 | 已知高风险边界子类,是,难,公文与规章,列车广播,dev,,
HIGH,8,POS-0291,POSITIVE,REVIEW,三楼为女生专区，男士止步。,六、以性别设限与划界,6.6 空间、设施与分组的非必要划分,若无更衣等隐私需要，无须限制入内。,争议样本 | 处置强度较弱 | 依赖假设或隐藏语境：若 | 边界子类,是,难,商业与产品,商场告示,index,,
HIGH,8,POS-0370,POSITIVE,REVIEW,创始人是位不折不扣的女强人，把公司从三个人做到了三百人。,二、冗余标记（性别在场却不承载信息）,2.2 性别专用与阴性化称谓,“女强人”为女性专用称谓，男性同等经历不会被如此描述。,争议样本 | 处置强度较弱 | 依赖假设或隐藏语境：有分歧 | 边界子类,是,中,商业与产品,企业宣传册,index,,
HIGH,8,POS-0374,POSITIVE,REVIEW,男幼师连续五年获评优秀 家长送来锦旗,二、冗余标记（性别在场却不承载信息）,2.3 标题与导语的冗余标性,获评优秀与性别无关，性别前缀把当事人框定为“反常样本”。,争议样本 | 处置强度较弱 | 依赖假设或隐藏语境：若 | 边界子类,是,中,新闻报道,民生新闻标题,dev,,
HIGH,8,POS-0375,POSITIVE,REVIEW,由三名女工程师组成的团队，昨日完成了国产芯片的首次流片验证。,二、冗余标记（性别在场却不承载信息）,2.3 标题与导语的冗余标性,导语标注团队性别构成，与流片验证这一成果无关。,争议样本 | 处置强度较弱 | 依赖假设或隐藏语境：若 | 边界子类,是,中,新闻报道,科技新闻导语,index,,
HIGH,8,POS-0445,POSITIVE,MOVE_TO_NEGATIVE,女士们先生们，本次航班即将开始下降，请系好安全带。,六、以性别设限与划界,6.1 二元穷举式称呼与并称,以二元穷举称呼全体旅客，有旅客不在这两类之中。,争议样本 | 已知高风险边界子类 | 可被理解为具体事实或具体对象,是,易,商业与产品,机上广播,index,,
HIGH,8,POS-0494,POSITIVE,MOVE_TO_NEGATIVE,致各位先生：本刊拟于下季度组织专题，诚邀赐稿。,一、缺省预设（信息缺位处默认为男性）,1.6 收件与受众称谓默认,以“先生”统称全体潜在作者，属受众称谓默认。,争议样本 | 已知高风险边界子类 | 可被理解为具体事实或具体对象,是,中,学术与调研,约稿函,test,,
HIGH,8,POS-0704,POSITIVE,MOVE_TO_NEGATIVE,各位先生小姐，報名將於本週五截止。,六、以性别设限与划界,6.1 二元穷举式称呼与并称,二元穷举称呼全体受众，原文为繁体。,争议样本 | 已知高风险边界子类 | 可被理解为具体事实或具体对象,是,中,商业与产品,繁体活动页,dev,,
HIGH,8,POS-0708,POSITIVE,REVIEW,他经济崛起：男士护肤十大爆款,二、冗余标记（性别在场却不承载信息）,2.6 商品、空间与内容的性别化归类,以性别化标签概括消费板块，把品类增长叙事绑定到性别。,争议样本 | 处置强度较弱 | 已知高风险边界子类,是,中,商业与产品,专题页标题,index,,
HIGH,8,POS-0749,POSITIVE,REVIEW,她是抗洪一线的巾帼英雄，连续七天坚守在堤坝上。,二、冗余标记（性别在场却不承载信息）,2.2 性别专用与阴性化称谓,以“巾帼”限定“英雄”，暗示女性英雄需另设范畴。,争议样本 | 处置强度较弱 | 依赖假设或隐藏语境：有分歧 | 边界子类,是,中,公文与规章,表彰材料,index,,
HIGH,8,POS-0838,POSITIVE,REVIEW,他成为该奖项设立以来首位获奖的男性编舞，评委会给出全票。,二、冗余标记（性别在场却不承载信息）,2.5 “首位女性”式顺位标注,顺位标注把身份变成新闻点，与全票获奖这一事实无关。,争议样本 | 处置强度较弱 | 已知高风险边界子类,是,中,文艺创作与评论,颁奖报道,test,,
HIGH,8,POS-0946,POSITIVE,REVIEW,女校长坚守山区二十年 送出三百名大学生,二、冗余标记（性别在场却不承载信息）,2.3 标题与导语的冗余标性,坚守年限与升学成果与性别无关。,争议样本 | 处置强度较弱 | 依赖假设或隐藏语境：若 | 边界子类,是,中,新闻报道,教育新闻标题,test,,
HIGH,8,POS-0972,POSITIVE,MOVE_TO_NEGATIVE,主持人以一句“各位男士女士”开场，随后宣布获奖名单。,六、以性别设限与划界,6.1 二元穷举式称呼与并称,以二元穷举称呼全场，报道原样转述时同样构成使用。,争议样本 | 已知高风险边界子类 | 可被理解为具体事实或具体对象,是,中,新闻报道,颁奖典礼报道,test,,
HIGH,7,POS-0038,POSITIVE,MOVE_TO_NEGATIVE,亲爱的先生／小姐：感谢您长期以来对本店的惠顾。,一、缺省预设（信息缺位处默认为男性）,1.6 收件与受众称谓默认,二元穷举式称呼，且“小姐”一词在部分语境已带贬义。,依赖假设或隐藏语境：语境 | 已知高风险边界子类 | 可被理解为具体事实或具体对象,否,易,商业与产品,客户信函,index,,
HIGH,7,POS-0084,POSITIVE,REVIEW,有需要随时叫我们的小哥哥小姐姐哈~,二、冗余标记（性别在场却不承载信息）,2.4 服务岗位的性别化称呼与设定,以性别化昵称指代服务岗位，且强制二元。,争议样本 | 处置强度较弱 | 可被理解为具体事实或具体对象,是,中,商业与产品,餐厅点单提示,index,,
HIGH,7,POS-0187,POSITIVE,REVIEW,望我子孙光宗耀祖，传承香火，绵延不绝。,四、规范说教（应然性：以性别提出要求）,4.5 传统角色规训与伦理话语,宗族叙事以男性后代为唯一延续主体。,争议样本 | 处置强度较弱 | 依赖假设或隐藏语境：有分歧,是,难,文艺创作与评论,家训题词,test,,
HIGH,7,POS-0189,POSITIVE,REVIEW,重的箱子放着我来搬，女同志就别动手了。,四、规范说教（应然性：以性别提出要求）,4.6 保护式区别对待（善意歧视）,表面礼遇，实则预设能力差异，属善意性别歧视。,争议样本 | 处置强度较弱 | 依赖假设或隐藏语境：有分歧,是,难,口语与私人交流,办公室对话,test,,
HIGH,7,POS-0218,POSITIVE,REVIEW,开幕式上，王总携夫人出席。,五、关系性不对等（需比较两个对象方成立）,5.4 附属化定位,“携”与“夫人”构成附属定位，一方无独立身份。,争议样本 | 处置强度较弱 | 可被理解为具体事实或具体对象,是,难,新闻报道,活动报道,dev,,
HIGH,7,POS-0242,POSITIVE,REVIEW,感谢导师的严谨指导，感谢师母在生活上的悉心照料。,五、关系性不对等（需比较两个对象方成立）,5.7 同一行为的双标评价,学术贡献归男性、生活照料归女性，构成隐性分工。,争议样本 | 处置强度较弱 | 依赖假设或隐藏语境：若,是,难,学术与调研,论文致谢,test,,
HIGH,7,POS-0294,POSITIVE,REVIEW,被试按男女分为两组，分别在上午和下午完成测试。,六、以性别设限与划界,6.6 空间、设施与分组的非必要划分,若研究假设不涉及性别，按性别分组会引入混淆变量。,争议样本 | 依赖假设或隐藏语境：若、假设 | 边界子类,是,难,学术与调研,实验分组说明,index,,
HIGH,7,POS-0437,POSITIVE,MOVE_TO_NEGATIVE,謹訂於本月十八日為小女完婚，恭請王經理攜夫人蒞臨。,五、关系性不对等（需比较两个对象方成立）,5.5 从夫称谓与旧式谦称,“携夫人”把受邀者的配偶设为被携带者，无独立受邀身份。,争议样本 | 依赖假设或隐藏语境：有分歧 | 可被理解为具体事实或具体对象,是,难,社交与社区,旧式请柬,index,,
HIGH,7,POS-0492,POSITIVE,REVIEW,願子孫後代承此家風，代代有男丁執掌門庭。,一、缺省预设（信息缺位处默认为男性）,1.5 男性词统称混合群体,“子孙后代”在宗族语境中以男性后代为默认，后半句直接写明男丁。,争议样本 | 依赖假设或隐藏语境：语境、有分歧 | 边界子类,是,难,公文与规章,家训题词,test,,
HIGH,7,POS-0538,POSITIVE,REVIEW,化妆是女人的事？现在是每个想变好看的人的事💄,三、属性绑定（陈述性：把特质归于性别）,3.3 劳动与人生领域的分工绑定,文案以设问形式复述该绑定，标点之后虽反转，前半句仍完整呈现了主张。,争议样本 | 处置强度较弱 | 依赖假设或隐藏语境：有分歧,是,难,商业与产品,美妆品牌文案,test,,
HIGH,7,POS-0570,POSITIVE,MOVE_TO_NEGATIVE,抢凳子环节女士优先，女生先入场，男生让一轮🎪,四、规范说教（应然性：以性别提出要求）,4.6 保护式区别对待（善意歧视）,以礼遇形式改变竞赛规则，预设了参与者的能力差异。,争议样本 | 依赖假设或隐藏语境：有分歧 | 可被理解为具体事实或具体对象,是,中,商业与产品,年会游戏规则,test,,
HIGH,7,POS-0583,POSITIVE,MOVE_TO_NEGATIVE,恭請周經理攜夫人蒞臨小兒周歲之喜。,五、关系性不对等（需比较两个对象方成立）,5.5 从夫称谓与旧式谦称,“携夫人”把受邀者的配偶设为被携带者，无独立受邀身份。,争议样本 | 依赖假设或隐藏语境：有分歧 | 可被理解为具体事实或具体对象,是,难,社交与社区,旧式请柬,index,,
HIGH,7,POS-0634,POSITIVE,REVIEW,她是我们行业当之无愧的女中豪杰，也是名副其实的女版工匠。,七、贬损与物化（词项自带贬抑）,7.4 以某一性别为标准的评价,两处均以男性范畴为默认，再加性别限定另设一类。,争议样本 | 处置强度较弱 | 依赖假设或隐藏语境：有分歧,是,中,公文与规章,颁奖词,dev,,
HIGH,7,POS-0653,POSITIVE,REVIEW,他把烟摁灭，冷笑一声：进了我的门就是我的人，别学外面那些娘们儿唧唧的做派，我说往东，你就别问为什么往西。,七、贬损与物化（词项自带贬抑）,7.3 所有权、支配与交易隐喻,所有权宣告叠加性别化詈词，是支配性台词的典型组合。,争议样本 | 依赖假设或隐藏语境：若、取决于 | 多触发点,是,难,文艺创作与评论,职场小说,index,,
HIGH,7,POS-0661,POSITIVE,MOVE_TO_NEGATIVE,李某某先生台鉴：本所受贵司委托，就阁下与我方当事人之间的房屋租赁纠纷致函如下，请阁下于收函之日起十五日内书面答复，逾期本所将依法采取进一步措施。,一、缺省预设（信息缺位处默认为男性）,1.6 收件与受众称谓默认,收函人性别未经核实，函件模板默认为男性；其余内容不含性别问题。,依赖假设或隐藏语境：未经核实 | 已知高风险边界子类 | 可被理解为具体事实或具体对象,否,中,法律与司法,律师函,test,,
HIGH,7,POS-0667,POSITIVE,REVIEW,三层为女性生活馆，涵盖女装、美妆、母婴与家居；四层为男士精品层，涵盖男装、腕表、运动与数码，两层扶梯分设，互不相通。,二、冗余标记（性别在场却不承载信息）,2.6 商品、空间与内容的性别化归类,按性别切分楼层并归类品类，母婴归女性一侧、数码归男性一侧，动线设计进一步固化。,争议样本 | 已知高风险边界子类 | 多触发点,是,中,商业与产品,商场楼层导视,dev,,
HIGH,7,POS-0669,POSITIVE,REVIEW,在座的各位老总、各位企业家兄弟，过去一年我们共同经历了不少难关，今天请允许我代表商会，向所有为本地经济付出的同仁致以敬意。,一、缺省预设（信息缺位处默认为男性）,1.5 男性词统称混合群体,两处男性化统称覆盖全场，后半句的“同仁”反而是可用的中性写法。,争议样本 | 依赖假设或隐藏语境：有分歧 | 边界子类 | 多触发点,是,中,公文与规章,表彰大会主持词,dev,,
HIGH,7,POS-0821,POSITIVE,MOVE_TO_NEGATIVE,尊敬的纳税人先生：本季度申报期已延长至月底，请及时办理。,一、缺省预设（信息缺位处默认为男性）,1.6 收件与受众称谓默认,公开信模板默认收件人为男性；纳税人还可能是法人。,依赖假设或隐藏语境：可能 | 已知高风险边界子类 | 可被理解为具体事实或具体对象,否,中,公文与规章,政务公开信,dev,,
HIGH,6,POS-0018,POSITIVE,REVIEW,新生遇到问题可以找辅导员，他会帮你对接宿管和教务。,一、缺省预设（信息缺位处默认为男性）,1.3 职业角色的默认代词,辅导员尚未指明具体人员，代词带预设。,依赖假设或隐藏语境：未指明、尚未 | 已知高风险边界子类,否,中,公文与规章,新生入学指引,index,,
HIGH,6,POS-0035,POSITIVE,REVIEW,下面有请几位有功之臣上台，他们是我们厂的顶梁柱。,一、缺省预设（信息缺位处默认为男性）,1.5 男性词统称混合群体,“臣”在传统语汇中默认男性。,争议样本 | 处置强度较弱 | 边界子类,是,中,公文与规章,表彰大会主持词,test,,
HIGH,6,POS-0074,POSITIVE,REVIEW,女子深夜驾车撞上高架护栏 所幸无人受伤,二、冗余标记（性别在场却不承载信息）,2.3 标题与导语的冗余标性,同类事件报道男性当事人时常不标性别，构成使用频率上的不对等。,争议样本 | 处置强度较弱 | 边界子类,是,难,新闻报道,社会新闻标题,index,,
HIGH,6,POS-0075,POSITIVE,REVIEW,女教师街头跪地救人 路人纷纷点赞,二、冗余标记（性别在场却不承载信息）,2.3 标题与导语的冗余标性,救人行为与性别无关，标题标性属吸睛式冗余。,争议样本 | 处置强度较弱 | 边界子类,是,中,新闻报道,正能量报道标题,index,,
HIGH,6,POS-0097,POSITIVE,REVIEW,首页设男频、女频两个入口，注册时按性别自动分流，不可切换。,二、冗余标记（性别在场却不承载信息）,2.6 商品、空间与内容的性别化归类,以性别而非题材归类内容，且强制分流不可切换，把阅读兴趣锁死在性别上。,争议样本 | 已知高风险边界子类,是,中,商业与产品,阅读App导航,index,,
HIGH,6,POS-0161,POSITIVE,REVIEW,连个家都养不起，算什么男人。,四、规范说教（应然性：以性别提出要求）,4.2 资格与身份定义,以经济能力定义男性资格；但若为角色刻画则属创作需要。,争议样本 | 依赖假设或隐藏语境：若、语境,是,难,文艺创作与评论,影视台词,test,,
HIGH,6,POS-0186,POSITIVE,REVIEW,她恪守妇道，从一而终，是那个时代最动人的注脚。,四、规范说教（应然性：以性别提出要求）,4.5 传统角色规训与伦理话语,若为剧中人物的时代还原属创作需要；若为宣发方的价值主张则应改。,争议样本 | 依赖假设或隐藏语境：若、语境,是,难,文艺创作与评论,古装剧宣发文案,test,,
HIGH,6,POS-0275,POSITIVE,REVIEW,婚姻状况：○未婚 ○已婚 ○离异；配偶性别：○男 ○女（已婚必填）,六、以性别设限与划界,6.3 表单、字段与选项的强制二元,采集配偶性别与用工管理无关，属非必要采集。,争议样本 | 依赖假设或隐藏语境：法务确认 | 边界子类,是,中,公文与规章,入职登记表,index,,
HIGH,6,POS-0296,POSITIVE,REVIEW,公司聚餐两个包厢，男同事一间女同事一间，方便说话。,六、以性别设限与划界,6.6 空间、设施与分组的非必要划分,以性别划分社交空间，会强化职场中的性别隔离。,争议样本 | 处置强度较弱 | 边界子类,是,中,商业与产品,餐厅包厢安排,test,,
HIGH,6,POS-0358,POSITIVE,REVIEW,各位先生，本届年会共收到投稿三百余篇，评审工作已于上月完成。,一、缺省预设（信息缺位处默认为男性）,1.5 男性词统称混合群体,学界旧例以“先生”统称全体与会者，实际排除了非男性听众。,争议样本 | 边界子类 | 可被理解为具体事实或具体对象,是,中,学术与调研,学会开幕致辞,index,,
HIGH,6,POS-0372,POSITIVE,REVIEW,我们组长是那种大姐大型的，谁有事她都能兜住。,二、冗余标记（性别在场却不承载信息）,2.2 性别专用与阴性化称谓,以江湖气的女性专称概括管理风格，男性同类风格不会被这样命名。,争议样本 | 处置强度较弱 | 边界子类,是,中,社交与社区,职场话题贴,index,,
HIGH,6,POS-0373,POSITIVE,REVIEW,女董事长增持自家股份 三个交易日耗资八千万,二、冗余标记（性别在场却不承载信息）,2.3 标题与导语的冗余标性,增持行为与性别无关，男性董事长同类报道通常不标性别。,争议样本 | 处置强度较弱 | 边界子类,是,难,新闻报道,财经新闻标题,dev,,
HIGH,6,POS-0382,POSITIVE,REVIEW,这条裙子少女感满满，一秒回到十八岁✨,二、冗余标记（性别在场却不承载信息）,2.6 商品、空间与内容的性别化归类,以“少女感”作为审美归类，把年轻女性外貌设为默认追求。,争议样本 | 已知高风险边界子类,是,中,商业与产品,服饰电商详情页,test,,
HIGH,6,POS-0398,POSITIVE,REVIEW,女选手站上这个舞台，身材管理是基本功，这点你还差得远。,三、属性绑定（陈述性：把特质归于性别）,3.5 外貌与身体标准的性别化,把体型管理设为女选手的准入基本功，与表演能力无关。,争议样本 | 依赖假设或隐藏语境：语境、有分歧,是,中,文艺创作与评论,选秀节目点评,index,,
HIGH,6,POS-0417,POSITIVE,REVIEW,本村倡导妇女勤俭持家、孝敬公婆，评选年度好媳妇十名。,四、规范说教（应然性：以性别提出要求）,4.5 传统角色规训与伦理话语,把家庭伦理义务单向规定给女性，评选机制将其制度化。,争议样本 | 依赖假设或隐藏语境：语境、有分歧,是,中,公文与规章,乡规民约,test,,
HIGH,6,POS-0505,POSITIVE,REVIEW,熟悉她的人都叫她铁娘子，谈判桌上从没让过步。,二、冗余标记（性别在场却不承载信息）,2.2 性别专用与阴性化称谓,以“铁娘子”命名强硬风格，男性同类风格不会被另起称谓。,争议样本 | 处置强度较弱 | 边界子类,是,中,新闻报道,人物特写,dev,,
HIGH,6,POS-0509,POSITIVE,REVIEW,又是那种文艺女青年拍给自己看的片子，节奏太慢。,二、冗余标记（性别在场却不承载信息）,2.2 性别专用与阴性化称谓,以女性专用标签概括创作取向，男性同类作品不会被这样命名。,争议样本 | 处置强度较弱 | 边界子类,是,中,社交与社区,豆瓣短评,dev,,
HIGH,6,POS-0510,POSITIVE,REVIEW,男子雨夜跳桥救人 上岸后悄然离去,二、冗余标记（性别在场却不承载信息）,2.3 标题与导语的冗余标性,见义勇为与性别无关；本条与「女子」型标题构成频率对照。,争议样本 | 处置强度较弱 | 边界子类,是,难,新闻报道,社会新闻标题,index,,
HIGH,6,POS-0511,POSITIVE,REVIEW,女司机倒车撞倒护栏 交警认定负全责,二、冗余标记（性别在场却不承载信息）,2.3 标题与导语的冗余标性,事故责任由交警认定，与性别无关；“女司机”在事故标题中构成固定搭配。,争议样本 | 处置强度较弱 | 边界子类,是,中,新闻报道,交通新闻标题,index,,
HIGH,6,POS-0512,POSITIVE,REVIEW,女环卫工连续三年拾金不昧 街道为其颁发证书,二、冗余标记（性别在场却不承载信息）,2.3 标题与导语的冗余标性,表彰事由与性别无关，正能量标题中的性别标注同样构成冗余。,争议样本 | 处置强度较弱 | 边界子类,是,中,新闻报道,正能量报道标题,index,,
HIGH,6,POS-0518,POSITIVE,REVIEW,首页分为男频与女频两个入口，请选择您的偏好。,二、冗余标记（性别在场却不承载信息）,2.6 商品、空间与内容的性别化归类,以性别切分内容池，会把题材偏好固化为性别属性。,争议样本 | 已知高风险边界子类,是,中,文艺创作与评论,阅读App导航,index,,
HIGH,6,POS-0581,POSITIVE,REVIEW,他常说，这些年多亏了糟糠之妻在背后撑着。,五、关系性不对等（需比较两个对象方成立）,5.5 从夫称谓与旧式谦称,“糟糠”以贫贱时的粗劣饮食代指妻子，含贬抑与恩赐意味。,争议样本 | 依赖假设或隐藏语境：语境、有分歧,是,中,文艺创作与评论,回忆散文,dev,,
HIGH,6,POS-0594,POSITIVE,MOVE_TO_NEGATIVE,男女双方须到场签署，男女双方各执一份。,六、以性别设限与划界,6.1 二元穷举式称呼与并称,协议模板以性别指称当事人，而协议关系并不依赖性别。,已知高风险边界子类 | 可被理解为具体事实或具体对象 | 多触发点,否,中,法律与司法,调解协议模板,test,,
HIGH,6,POS-0597,POSITIVE,DELETE_OR_SPLIT,"greeting = ""尊敬的{name}他/她，您的申请已受理""",六、以性别设限与划界,6.1 二元穷举式称呼与并称,模板中以“他/她”并列，既是二元穷举，在此处还语法冗余。,已知高风险边界子类 | 同条混合多个现象或结构化片段,否,中,工程与技术,文案模板,test,,
HIGH,6,POS-0601,POSITIVE,REVIEW,Q1 您的性别：○男 ○女（必答，不可跳过）,六、以性别设限与划界,6.3 表单、字段与选项的强制二元,问卷人口学变量强制二元且不可跳过，会迫使部分受访者填入不实信息。,争议样本 | 依赖假设或隐藏语境：取决于 | 边界子类,是,中,学术与调研,问卷人口学题,index,,
HIGH,6,POS-0608,POSITIVE,REVIEW,地下二层设女性车厢直达电梯与粉色停车位，男士请走东侧通道。,六、以性别设限与划界,6.6 空间、设施与分组的非必要划分,以性别切分停车与通行路径，安全考量未说明时属非必要划分。,争议样本 | 依赖假设或隐藏语境：有分歧 | 边界子类,是,中,商业与产品,商场导视,index,,
HIGH,6,POS-0659,POSITIVE,REVIEW,这位女工程师用了七年时间攻下高温合金的疲劳难题，业内评价她比男同行还拼，是名副其实的巾帼不让须眉。,七、贬损与物化（词项自带贬抑）,7.4 以某一性别为标准的评价,性别前缀叠加两处以男性为标尺的褒扬，三个触发点指向同一预设。,争议样本 | 处置强度较弱 | 多触发点,是,难,新闻报道,人物通讯,index,,
HIGH,6,POS-0676,POSITIVE,REVIEW,才女的私房书单,二、冗余标记（性别在场却不承载信息）,2.2 性别专用与阴性化称谓,女性专用称谓，男性作者不会被冠以对应标签。,争议样本 | 处置强度较弱 | 边界子类,是,易,文艺创作与评论,图书腰封,dev,,
HIGH,6,POS-0687,POSITIVE,REVIEW,女硕士摆摊卖煎饼？？月入两万！！,二、冗余标记（性别在场却不承载信息）,2.3 标题与导语的冗余标性,学历与创业选择的反差是新闻点，性别标注不承载信息。,争议样本 | 处置强度较弱 | 边界子类,是,中,新闻报道,自媒体标题,test,,
HIGH,6,POS-0702,POSITIVE,REVIEW,這位女強人把公司從零做到上市，佩服。,二、冗余标记（性别在场却不承载信息）,2.2 性别专用与阴性化称谓,女性专用称谓，男性同等经历不会被如此命名。,争议样本 | 处置强度较弱 | 边界子类,是,中,社交与社区,繁体社群,test,,
HIGH,6,POS-0712,POSITIVE,REVIEW,家族史：父亲既往病史____ 母亲既往病史____（两栏必填）,六、以性别设限与划界,6.2 家庭结构的窄化预设,家族史确需血缘信息，但以父母二栏为唯一结构，收养、单亲与失联情形无法填写。,争议样本 | 已知高风险边界子类,是,难,医疗健康,病历模板字段,dev,,
HIGH,6,POS-0742,POSITIVE,REVIEW,诸位先生远道而来，今晚略备薄酒，权当接风。,一、缺省预设（信息缺位处默认为男性）,1.5 男性词统称混合群体,以“先生”统称全体宾客，实际排除了在座其他人。,争议样本 | 边界子类 | 可被理解为具体事实或具体对象,是,中,文艺创作与评论,宴请致辞,index,,
HIGH,6,POS-0743,POSITIVE,REVIEW,各位父老乡亲注意了，明天上午收电费，一家一户都到村委来。,一、缺省预设（信息缺位处默认为男性）,1.5 男性词统称混合群体,以男性长辈词打头统称全体村民，是广播稿的固定开场。,争议样本 | 依赖假设或隐藏语境：有分歧 | 边界子类,是,中,公文与规章,村广播稿,index,,
HIGH,6,POS-0748,POSITIVE,REVIEW,坐堂的这位女神医，专治多年不孕，十里八乡都知道。,二、冗余标记（性别在场却不承载信息）,2.2 性别专用与阴性化称谓,女性专用称谓，男性同类不会被冠以“女”字；“神医”本身亦属夸大宣传。,争议样本 | 处置强度较弱 | 边界子类,是,中,医疗健康,民间诊所宣传,test,,
HIGH,6,POS-0750,POSITIVE,REVIEW,我就是标准的干物女，周末谁也别叫我；隔壁那位倒是人妻感十足。,二、冗余标记（性别在场却不承载信息）,2.2 性别专用与阴性化称谓,两个均为女性专用标签，后者更以婚姻状态作外貌评价。,争议样本 | 处置强度较弱 | 边界子类,是,中,社交与社区,豆瓣小组,index,,
HIGH,6,POS-0751,POSITIVE,REVIEW,内容标签体系：情感（女性向）／军事（男性向）／悬疑（通用）,二、冗余标记（性别在场却不承载信息）,2.6 商品、空间与内容的性别化归类,以性别取向标注题材，会把推荐池按性别切开。,争议样本 | 已知高风险边界子类,是,中,商业与产品,内容中台标签,test,,
HIGH,6,POS-0775,POSITIVE,REVIEW,女士们、先生们，欢迎来到第十届年度设计大奖现场。,六、以性别设限与划界,6.1 二元穷举式称呼与并称,以二元穷举称呼全场，有到场者不在这两类之中。,争议样本 | 已知高风险边界子类,是,易,文艺创作与评论,颁奖典礼开场,index,,
HIGH,6,POS-0798,POSITIVE,REVIEW,女被告当庭认罪 涉案金额逾百万,二、冗余标记（性别在场却不承载信息）,2.3 标题与导语的冗余标性,诉讼身份与性别无关，法治报道中的性别标注同样构成频率不对等。,争议样本 | 处置强度较弱 | 边界子类,是,中,新闻报道,法治新闻标题,test,,
HIGH,6,POS-0831,POSITIVE,REVIEW,圈里都叫她拼命三娘，连续三年春节没休过。,二、冗余标记（性别在场却不承载信息）,2.2 性别专用与阴性化称谓,以女性专用称谓命名工作强度，男性同类不会被另起称谓。,争议样本 | 处置强度较弱 | 边界子类,是,中,新闻报道,企业报道,index,,
HIGH,6,POS-0832,POSITIVE,REVIEW,主唱是位摇滚女汉子，嗓子一开全场都站起来。,二、冗余标记（性别在场却不承载信息）,2.2 性别专用与阴性化称谓,以“女汉子”命名其台风，男性主唱不会被这样标注。,争议样本 | 处置强度较弱 | 边界子类,是,中,文艺创作与评论,乐队介绍,index,,
HIGH,6,POS-0833,POSITIVE,REVIEW,女总理宣布内阁改组 三名部长离任,二、冗余标记（性别在场却不承载信息）,2.3 标题与导语的冗余标性,政治报道中标注领导人性别，男性同职通常不标。,争议样本 | 处置强度较弱 | 边界子类,是,中,新闻报道,国际新闻标题,index,,
HIGH,6,POS-0834,POSITIVE,REVIEW,男舞者夺得国际编舞金奖 系亚洲首例,二、冗余标记（性别在场却不承载信息）,2.3 标题与导语的冗余标性,舞蹈领域对男性从业者的标注，与获奖事实无关。,争议样本 | 处置强度较弱 | 边界子类,是,中,新闻报道,文化新闻标题,index,,
HIGH,6,POS-0864,POSITIVE,REVIEW,郎才女貌，门当户对，两位真是天造地设的一对。,三、属性绑定（陈述性：把特质归于性别）,3.7 婚恋与择偶偏好的性别化,前者按性别分派价值，后者以家世匹配为佳偶标准。,争议样本 | 依赖假设或隐藏语境：有分歧 | 多触发点,是,中,文艺创作与评论,婚礼司仪串词,test,,
HIGH,6,POS-0893,POSITIVE,REVIEW,先生一生治学，身后留下夫人与二子，夫人多年为其誊抄书稿。,五、关系性不对等（需比较两个对象方成立）,5.5 从夫称谓与旧式谦称,以从夫称谓指代且无本名，贡献以“为其”表述，附属化与从夫称谓叠加。,争议样本 | 可被理解为具体事实或具体对象 | 多触发点,是,难,新闻报道,讣闻,index,,
HIGH,6,POS-0901,POSITIVE,REVIEW,全村男女老少都来看看，这季度的账目全公开了。,六、以性别设限与划界,6.1 二元穷举式称呼与并称,以性别与年龄的四元穷举统称全体村民。,争议样本 | 已知高风险边界子类,是,中,公文与规章,村务公开栏,test,,
HIGH,6,POS-0928,POSITIVE,REVIEW,在高原施工现场，几位女同志顶起了半边天，工程量丝毫不比男同志少。,七、贬损与物化（词项自带贬抑）,7.4 以某一性别为标准的评价,以男性工作量为参照上限，两处均以对标构成褒扬。,争议样本 | 处置强度较弱 | 多触发点,是,中,公文与规章,援建表彰材料,index,,
HIGH,6,POS-0945,POSITIVE,REVIEW,各条战线的女将们撑起了工作局面，特此表彰。,二、冗余标记（性别在场却不承载信息）,2.2 性别专用与阴性化称谓,以军事化的阴性称谓指代女性职工，男性同类不会被这样命名。,争议样本 | 处置强度较弱 | 边界子类,是,中,公文与规章,三八节表彰,test,,
MEDIUM,5,NEG-0399,NEGATIVE,REVIEW,姐妹们冲！这个价真的不容易，我蹲了仨月。,六、自我认同与自称,6.3 社群内部用语,网络语境中已泛化为不分性别的招呼语,争议样本 | 保留理由依赖语境：语境,是,中,工程与技术,网络用语,dev,,
MEDIUM,5,NEG-0481,NEGATIVE,REVIEW,陳太太，您訂的貨已經寄出，單號稍後奉上。,一、指称已知性别的具体个人,1.1 姓名与社会称谓,繁体客服文本，且太太在港台为通行敬称,争议样本 | 保留理由依赖语境：语境,是,难,口语与私人交流,港台文本,index,,
MEDIUM,5,NEG-0493,NEGATIVE,REVIEW,#三八节 #女神节 全场女装 8 折，3.8-3.10 🌷,四、专有名词与固定名称,4.4 节日与纪念日,含话题标签的营销文案，标签是检索键,争议样本 | 保留理由依赖语境：有分歧,是,难,商业与产品,营销文案,test,,
MEDIUM,5,NEG-0523,NEGATIVE,REVIEW,请问周太太在家吗？,一、指称已知性别的具体个人,1.1 姓名与社会称谓,当事人自用称谓，第三方不应代为更改,争议样本 | 保留理由依赖语境：若,是,难,规范示例（基线）,规范示例句,index,,
MEDIUM,5,POS-0016,POSITIVE,REVIEW,您稍等，我让负责这块的工程师看一下，他马上给您回电话。,一、缺省预设（信息缺位处默认为男性）,1.3 职业角色的默认代词,该工程师是谁尚未确定，默认男性属职业性别预设。,依赖假设或隐藏语境：尚未 | 已知高风险边界子类,否,中,商业与产品,电话客服话术,index,,
MEDIUM,5,POS-0037,POSITIVE,MOVE_TO_NEGATIVE,尊敬的先生：关于贵司三月十二日的报价函，我方回复如下。,一、缺省预设（信息缺位处默认为男性）,1.6 收件与受众称谓默认,收件人性别未知时默认先生。,已知高风险边界子类 | 可被理解为具体事实或具体对象,否,易,商业与产品,商务邮件,test,,
MEDIUM,5,POS-0039,POSITIVE,MOVE_TO_NEGATIVE,尊敬的编辑先生：兹投稿一篇关于城市通勤的实证研究，恳请审阅。,一、缺省预设（信息缺位处默认为男性）,1.6 收件与受众称谓默认,编辑性别未知，“编辑”本身已是中性称谓。,已知高风险边界子类 | 可被理解为具体事实或具体对象,否,易,学术与调研,投稿信,index,,
MEDIUM,5,POS-0040,POSITIVE,MOVE_TO_NEGATIVE,凡有意参与者，请将他的方案于月底前寄至本会秘书处，收件人写“负责先生收”。,一、缺省预设（信息缺位处默认为男性）,1.6 收件与受众称谓默认,领属代词与收件称谓双重预设。,已知高风险边界子类 | 可被理解为具体事实或具体对象,否,中,公文与规章,公开征集公告,dev,,
MEDIUM,5,POS-0041,POSITIVE,MOVE_TO_NEGATIVE,致全体户主先生：本次燃气管道改造将于下月启动。,一、缺省预设（信息缺位处默认为男性）,1.6 收件与受众称谓默认,公开信收件人性别未知，默认先生。,已知高风险边界子类 | 可被理解为具体事实或具体对象,否,易,公文与规章,政务公开信,index,,
MEDIUM,5,POS-0042,POSITIVE,MOVE_TO_NEGATIVE,请问是保单持有人先生本人吗？,一、缺省预设（信息缺位处默认为男性）,1.6 收件与受众称谓默认,电话回访中按声音推定性别并称呼。,已知高风险边界子类 | 可被理解为具体事实或具体对象,否,易,商业与产品,保险回访话术,index,,
MEDIUM,5,POS-0043,POSITIVE,MOVE_TO_NEGATIVE,尊敬的先生，您的快件已到驿站。,一、缺省预设（信息缺位处默认为男性）,1.6 收件与受众称谓默认,短信模板默认收件人为男性。,已知高风险边界子类 | 可被理解为具体事实或具体对象,否,易,商业与产品,短信通知,index,,
MEDIUM,5,POS-0090,POSITIVE,MOVE_TO_NEGATIVE,作为公司第一位女性股东，她持有百分之三的股份。,二、冗余标记（性别在场却不承载信息）,2.5 “首位女性”式顺位标注,持股信息与性别顺位无关。,已知高风险边界子类 | 可被理解为具体事实或具体对象,否,中,商业与产品,股东名录说明,dev,,
MEDIUM,5,POS-0095,POSITIVE,REVIEW,这款粉色收纳盒是我们的少女感系列，办公室用刚刚好。,二、冗余标记（性别在场却不承载信息）,2.6 商品、空间与内容的性别化归类,将颜色与性别、年龄捆绑。,处置强度较弱 | 已知高风险边界子类,否,中,商业与产品,电商详情页,dev,,
MEDIUM,5,POS-0120,POSITIVE,REVIEW,男的坐着聊，女的进厨房搭把手，年年都这样。,三、属性绑定（陈述性：把特质归于性别）,3.3 劳动与人生领域的分工绑定,家庭场合的性别分工描述若为叙述者主张则应改。,争议样本 | 依赖假设或隐藏语境：若,是,中,口语与私人交流,家庭聚会,dev,,
MEDIUM,5,POS-0147,POSITIVE,REVIEW,男方没房没车，这婚事怎么谈得下去。,三、属性绑定（陈述性：把特质归于性别）,3.7 婚恋与择偶偏好的性别化,将置产责任单方面归于男性，属反向刻板。,争议样本 | 依赖假设或隐藏语境：有分歧,是,中,社交与社区,情感话题贴,test,,
MEDIUM,5,POS-0192,POSITIVE,REVIEW,女职工体检安排在上午，比较轻松；男职工下午，项目多一些。,四、规范说教（应然性：以性别提出要求）,4.6 保护式区别对待（善意歧视）,以性别差异化安排非医学必要的体检强度。,争议样本 | 依赖假设或隐藏语境：若,是,难,医疗健康,单位体检安排,test,,
MEDIUM,5,POS-0215,POSITIVE,REVIEW,导演：陈某｜编剧：刘某｜女主角：某某（新人）｜男主角：某某,五、关系性不对等（需比较两个对象方成立）,5.3 描述信息不对等,并列条目中仅对一方追加身份说明。,争议样本 | 处置强度较弱,是,难,文艺创作与评论,演职员表,test,,
MEDIUM,5,POS-0227,POSITIVE,REVIEW,兹邀请王建国先生及王夫人拨冗出席。,五、关系性不对等（需比较两个对象方成立）,5.5 从夫称谓与旧式谦称,以夫姓指称，未给出独立身份。,争议样本 | 可被理解为具体事实或具体对象,是,中,公文与规章,邀请函,index,,
MEDIUM,5,POS-0257,POSITIVE,MOVE_TO_NEGATIVE,各位先生女士，本店会员日活动今日18:00截止。,六、以性别设限与划界,6.1 二元穷举式称呼与并称,二元穷举称呼，且场景中已有更贴切的“会员”。,已知高风险边界子类 | 可被理解为具体事实或具体对象,否,中,商业与产品,会员短信,index,,
MEDIUM,5,POS-0265,POSITIVE,MOVE_TO_NEGATIVE,错误提示：请填写您先生的联系方式,六、以性别设限与划界,6.2 家庭结构的窄化预设,提示文案预设用户已婚且配偶为男性。,已知高风险边界子类 | 可被理解为具体事实或具体对象,否,中,工程与技术,校验提示文案,dev,,
MEDIUM,5,POS-0332,POSITIVE,REVIEW,谁说女子不如男，我们单位的女同志顶起了半边天。,七、贬损与物化（词项自带贬抑）,7.4 以某一性别为标准的评价,以男性为默认参照的褒扬句式。,争议样本 | 处置强度较弱,是,难,公文与规章,三八节致辞,test,,
MEDIUM,5,POS-0360,POSITIVE,MOVE_TO_NEGATIVE,尊敬的车主先生，您的爱车已行驶9800km，建议尽快到店保养。,一、缺省预设（信息缺位处默认为男性）,1.6 收件与受众称谓默认,短信模板默认车主为男性。,已知高风险边界子类 | 可被理解为具体事实或具体对象,否,易,商业与产品,保养提醒短信,index,,
MEDIUM,5,POS-0361,POSITIVE,MOVE_TO_NEGATIVE,来信人先生：您反映的小区物业问题，我局已交办属地街道办理。,一、缺省预设（信息缺位处默认为男性）,1.6 收件与受众称谓默认,来信人性别未知，公文模板默认为男性。,已知高风险边界子类 | 可被理解为具体事实或具体对象,否,易,公文与规章,信访回复函,index,,
MEDIUM,5,POS-0367,POSITIVE,REVIEW,该科室由男护士长带队，连续三年获评优质护理单元。,二、冗余标记（性别在场却不承载信息）,2.1 职业与身份的性别前缀,护理岗位的性别前缀不承载信息，获评理由与性别无关。,争议样本 | 依赖假设或隐藏语境：若,是,中,新闻报道,医院通讯稿,test,,
MEDIUM,5,POS-0369,POSITIVE,REVIEW,参会人员：男代表 12 人，女代表 5 人，男列席 3 人。,二、冗余标记（性别在场却不承载信息）,2.1 职业与身份的性别前缀,签到表若非性别统计口径，人数按性别拆分属冗余标记。,争议样本 | 依赖假设或隐藏语境：若,是,中,公文与规章,会议签到表,index,,
MEDIUM,5,POS-0391,POSITIVE,REVIEW,老话讲男主外女主内，你俩把这个理顺了，日子才过得下去。,三、属性绑定（陈述性：把特质归于性别）,3.3 劳动与人生领域的分工绑定,以俗谚形式把公私领域分工绑定于性别。,争议样本 | 依赖假设或隐藏语境：有分歧,是,中,社交与社区,长辈教诲,index,,
MEDIUM,5,POS-0402,POSITIVE,REVIEW,郎才女貌，天作之合，祝二位百年好合。,三、属性绑定（陈述性：把特质归于性别）,3.7 婚恋与择偶偏好的性别化,以才配男、以貌配女，把择偶价值按性别分派。,争议样本 | 依赖假设或隐藏语境：有分歧,是,中,文艺创作与评论,婚礼致辞,test,,
MEDIUM,5,POS-0407,POSITIVE,REVIEW,男儿膝下有黄金，这个头你不能磕。,四、规范说教（应然性：以性别提出要求）,4.1 应然句式,以性别界定尊严的持有者，属应然式规训。,争议样本 | 依赖假设或隐藏语境：若,是,中,文艺创作与评论,影视台词,index,,
MEDIUM,5,POS-0447,POSITIVE,REVIEW,台下的帅哥美女们，欢迎来到今晚的颁奖之夜🎉,六、以性别设限与划界,6.1 二元穷举式称呼与并称,以外貌化的二元称呼指代全场观众。,处置强度较弱 | 已知高风险边界子类,否,易,文艺创作与评论,颁奖典礼开场,index,,
MEDIUM,5,POS-0449,POSITIVE,MOVE_TO_NEGATIVE,请问您和您先生商量过这份保单的受益人安排吗？,六、以性别设限与划界,6.2 家庭结构的窄化预设,预设客户已婚且配偶为男性，两重预设叠加。,已知高风险边界子类 | 可被理解为具体事实或具体对象,否,中,商业与产品,保险回访话术,dev,,
MEDIUM,5,POS-0501,POSITIVE,REVIEW,本次论坛邀请了三位女企业家与两位投资人分享出海经验。,二、冗余标记（性别在场却不承载信息）,2.1 职业与身份的性别前缀,嘉宾构成的信息是人数与身份，性别前缀不承载信息。,争议样本 | 依赖假设或隐藏语境：若,是,中,新闻报道,财经报道,dev,,
MEDIUM,5,POS-0502,POSITIVE,REVIEW,这部片子由一位女导演执导，镜头语言相当克制。,二、冗余标记（性别在场却不承载信息）,2.1 职业与身份的性别前缀,影评的评价对象是镜头语言，导演性别与该评价无关。,争议样本 | 依赖假设或隐藏语境：若,是,中,文艺创作与评论,影评,index,,
MEDIUM,5,POS-0504,POSITIVE,REVIEW,女飞行员完成首次夜航训练 全程零失误,二、冗余标记（性别在场却不承载信息）,2.1 职业与身份的性别前缀,训练完成情况与性别无关，男性同类报道通常不标性别。,争议样本 | 处置强度较弱,是,难,新闻报道,军事新闻标题,test,,
MEDIUM,5,POS-0524,POSITIVE,REVIEW,史书把亡国之责推给红颜祸水，实则最毒妇人心一说本就站不住脚。,三、属性绑定（陈述性：把特质归于性别）,3.1 性格与心理特质的本质化,随笔虽在批评该归因，仍复述了两个把祸乱本质化为女性的成语。,争议样本 | 依赖假设或隐藏语境：有分歧,是,难,文艺创作与评论,历史随笔,dev,,
MEDIUM,5,POS-0526,POSITIVE,REVIEW,有人搬出牝鸡司晨来质疑女性主政，这种论调早该退场。,三、属性绑定（陈述性：把特质归于性别）,3.1 性格与心理特质的本质化,时评虽在反驳，仍原样复述了以家禽比附女性掌权的贬抑成语。,争议样本 | 依赖假设或隐藏语境：有分歧,是,难,新闻报道,时评,test,,
MEDIUM,5,POS-0546,POSITIVE,REVIEW,这边挂的牌子都写得明白：女方看条件，男方看长相，门当户对最要紧。,三、属性绑定（陈述性：把特质归于性别）,3.7 婚恋与择偶偏好的性别化,把择偶标准按性别对半分派，并以门当户对固化家世匹配。,争议样本 | 依赖假设或隐藏语境：有分歧,是,中,社交与社区,相亲角见闻,test,,
MEDIUM,5,POS-0549,POSITIVE,REVIEW,老话说娶妻当娶贤，女怕嫁错郎，这两句到啥时候都不过时。,三、属性绑定（陈述性：把特质归于性别）,3.7 婚恋与择偶偏好的性别化,两句俗谚分别把德行要求压给女方、把人生风险压给女方，且被断为不过时。,争议样本 | 依赖假设或隐藏语境：有分歧,是,中,口语与私人交流,长辈聊天,test,,
MEDIUM,5,POS-0555,POSITIVE,REVIEW,把钱还上，敢作敢当，这才像个男人。,四、规范说教（应然性：以性别提出要求）,4.2 资格与身份定义,以担当界定男性身份资格，把品行绑成性别的证明。,争议样本 | 依赖假设或隐藏语境：若,是,中,文艺创作与评论,影视台词,test,,
MEDIUM,5,POS-0564,POSITIVE,REVIEW,都说女人四十豆腐渣，男人四十一枝花，这话您琢磨琢磨。,四、规范说教（应然性：以性别提出要求）,4.4 年龄、婚育与人生进度捆绑,同一年龄对两性给出相反估值，是最典型的年龄双标俗谚。,争议样本 | 依赖假设或隐藏语境：若,是,中,社交与社区,相声段子,index,,
MEDIUM,5,POS-0617,POSITIVE,REVIEW,但凡讲点道理都不会被骂女拳，问题是她们只会喊口号。,七、贬损与物化（词项自带贬抑）,7.1 性别化侮辱标签,以谐音贬称指代主张性别平权者，把立场整体污名化。,争议样本 | 依赖假设或隐藏语境：有分歧,是,中,社交与社区,论坛回帖,index,,
MEDIUM,5,POS-0632,POSITIVE,REVIEW,从今往后你是我的女人，管住你自己的嘴。,七、贬损与物化（词项自带贬抑）,7.3 所有权、支配与交易隐喻,以所有权宣告加行为管束，是支配性表述的典型组合。,争议样本 | 依赖假设或隐藏语境：若,是,中,文艺创作与评论,古装剧台词,index,,
MEDIUM,5,POS-0633,POSITIVE,REVIEW,她这一杆的稳定性不输男选手，全场为之起立。,七、贬损与物化（词项自带贬抑）,7.4 以某一性别为标准的评价,以男选手作为水准的参照上限，褒扬的前提是女选手本不该达到该水平。,争议样本 | 处置强度较弱,是,中,新闻报道,赛事报道,index,,
MEDIUM,5,POS-0639,POSITIVE,REVIEW,留个短发就被叫男人婆，现在的审美真是😮‍💨,七、贬损与物化（词项自带贬抑）,7.5 性别化詈词与轻蔑语,以男性化贬称指代短发女性，评论虽在反驳仍原样复述该词。,争议样本 | 依赖假设或隐藏语境：有分歧,是,中,社交与社区,短视频评论,index,,
MEDIUM,5,POS-0658,POSITIVE,REVIEW,第二项 性别：□男 □女（必填，不可留空，用于分配病房床位）；第三项 称谓：□先生 □小姐 □太太（必填，用于住院期间的称呼与病历打印）。,六、以性别设限与划界,6.3 表单、字段与选项的强制二元,诊疗确需生理信息，但称谓字段属身份表达，二者被混在同一套二元约束里。,争议样本 | 边界子类 | 多触发点,是,难,医疗健康,入院登记表,index,,
MEDIUM,5,POS-0664,POSITIVE,REVIEW,本次军训按性别编队，男生编入一至六连承担队列与体能科目，女生编入七八两连，队列强度减半，取消五公里拉练与战术动作训练。,六、以性别设限与划界,6.6 空间、设施与分组的非必要划分,按性别分组叠加保护式区别对待，实质是取消一部分学生的训练机会。,争议样本 | 边界子类 | 多触发点,是,中,公文与规章,军训编队通知,index,,
MEDIUM,5,POS-0691,POSITIVE,REVIEW,"本科室共12人:女护士8名,男医生3名,男技师1名。",二、冗余标记（性别在场却不承载信息）,2.1 职业与身份的性别前缀,岗位统计若非性别口径，逐岗标性属冗余；原文含全半角混用。,争议样本 | 依赖假设或隐藏语境：若,是,中,公文与规章,人员统计表,test,,
MEDIUM,5,POS-0705,POSITIVE,REVIEW,她的表現不輸給男選手，全場為之動容。,七、贬损与物化（词项自带贬抑）,7.4 以某一性别为标准的评价,以男选手为参照上限的褒扬，原文为繁体。,争议样本 | 处置强度较弱,是,中,新闻报道,繁体赛事报道,index,,
MEDIUM,5,POS-0741,POSITIVE,REVIEW,值此新春之际，谨向驻守一线的子弟兵致以问候，愿子孙后代铭记这份付出。,一、缺省预设（信息缺位处默认为男性）,1.5 男性词统称混合群体,前者以男性亲属词统称全体官兵，后者以男性后代指代全体后人。,争议样本 | 边界子类 | 多触发点,是,中,公文与规章,慰问信,dev,,
MEDIUM,5,POS-0744,POSITIVE,REVIEW,本周三下午由女医生坐诊，周四由女律师提供免费法律咨询。,二、冗余标记（性别在场却不承载信息）,2.1 职业与身份的性别前缀,坐诊与咨询安排与性别无关，性别前缀不承载信息。,争议样本 | 依赖假设或隐藏语境：若,是,中,医疗健康,门诊排班公示,test,,
MEDIUM,5,POS-0746,POSITIVE,REVIEW,女院士团队破解深海取样难题 成果登上国际期刊,二、冗余标记（性别在场却不承载信息）,2.1 职业与身份的性别前缀,科研成果与性别无关，男性院士同类报道通常不标性别。,争议样本 | 处置强度较弱,是,中,新闻报道,科教新闻标题,dev,,
MEDIUM,5,POS-0747,POSITIVE,REVIEW,本季度平台新增女主播三百人，其中女性创业者占比过半。,二、冗余标记（性别在场却不承载信息）,2.1 职业与身份的性别前缀,招商数据统计的是人数与构成，逐项标性别属冗余。,争议样本 | 依赖假设或隐藏语境：若,是,中,商业与产品,平台招商稿,index,,
MEDIUM,5,POS-0766,POSITIVE,REVIEW,你现在成天围着灶台转，早不是当年那样了，活脱脱一个黄脸婆。,七、贬损与物化（词项自带贬抑）,7.1 性别化侮辱标签,以容貌变化贬损伴侣，并暗含外貌维护的义务。,争议样本 | 依赖假设或隐藏语境：若,是,中,文艺创作与评论,影视台词,index,,
MEDIUM,5,POS-0772,POSITIVE,REVIEW,小组这次交付质量很高，几位女同事比男工程师还细，值得表扬。,七、贬损与物化（词项自带贬抑）,7.4 以某一性别为标准的评价,以男性同事为参照上限的褒扬，同时把细致设为需对标的例外。,争议样本 | 处置强度较弱,是,中,工程与技术,团队周报,test,,
MEDIUM,5,POS-0822,POSITIVE,MOVE_TO_NEGATIVE,"sms_prefix = ""尊敬的先生""  # 全量用户通用前缀",一、缺省预设（信息缺位处默认为男性）,1.6 收件与受众称谓默认,前缀在配置层写死，随每次全量下发放大误称。,已知高风险边界子类 | 可被理解为具体事实或具体对象,否,中,商业与产品,短信网关配置,index,,
MEDIUM,5,POS-0829,POSITIVE,REVIEW,合作社由几位女农技员牵头，今年推广了两个抗倒伏品种。,二、冗余标记（性别在场却不承载信息）,2.1 职业与身份的性别前缀,推广工作与性别无关。,争议样本 | 依赖假设或隐藏语境：若,是,中,新闻报道,农业报道,index,,
MEDIUM,5,POS-0830,POSITIVE,REVIEW,申报情况：女教授 3 人、男教授 5 人、女副教授 7 人、男副教授 6 人。,二、冗余标记（性别在场却不承载信息）,2.1 职业与身份的性别前缀,若主表口径为职称统计，逐项标性别属冗余；确需性别构成应另设附表。,争议样本 | 依赖假设或隐藏语境：若,是,中,公文与规章,职称评审汇总,index,,
MEDIUM,5,POS-0871,POSITIVE,REVIEW,连个孩子都生不出，你算什么完整的女人。,四、规范说教（应然性：以性别提出要求）,4.2 资格与身份定义,以生育界定女性身份的完整性，是资格定义中最具伤害性的一类。,争议样本 | 依赖假设或隐藏语境：若,是,中,文艺创作与评论,小说对白,test,,
MEDIUM,5,POS-0902,POSITIVE,MOVE_TO_NEGATIVE,各位小哥哥小姐姐，本群仅供技术交流，广告请自觉退群🙏,六、以性别设限与划界,6.1 二元穷举式称呼与并称,以二元昵称统称全体群成员。,已知高风险边界子类 | 可被理解为具体事实或具体对象,否,易,社交与社区,社群置顶公告,index,,
MEDIUM,5,POS-0911,POSITIVE,REVIEW,本俱乐部为女性专属空间，男性会员不予受理，随行男宾请在外厅等候。,六、以性别设限与划界,6.5 准入与资格的性别限制,以性别限制入会与进入，反向使用同样构成准入排他。,争议样本 | 依赖假设或隐藏语境：有分歧,是,中,商业与产品,会员制说明,test,,
MEDIUM,5,POS-0929,POSITIVE,REVIEW,他的柔韧度比女演员还好，这在男舞者里极为罕见。,七、贬损与物化（词项自带贬抑）,7.4 以某一性别为标准的评价,以女性为参照上限的褒扬，反向使用同样以性别作标尺。,争议样本 | 处置强度较弱,是,中,文艺创作与评论,舞蹈评论,test,,
MEDIUM,5,POS-0939,POSITIVE,REVIEW,记者在校门口看到，接孩子的清一色是妈妈们，个个手上还拎着菜。,一、缺省预设（信息缺位处默认为男性）,1.4 家庭角色的默认指派,把观察到的现象直接以“妈妈”概括为常态，而非作为待解释的现象呈现。,争议样本 | 处置强度较弱,是,难,新闻报道,民生报道,index,,
MEDIUM,5,POS-0941,POSITIVE,MOVE_TO_NEGATIVE,尊敬的教授先生：兹邀请您审阅稿件一篇，回复期限为两周。,一、缺省预设（信息缺位处默认为男性）,1.6 收件与受众称谓默认,邀请函模板默认受邀专家为男性。,已知高风险边界子类 | 可被理解为具体事实或具体对象,否,中,学术与调研,审稿邀请函,dev,,
MEDIUM,5,POS-0943,POSITIVE,REVIEW,本场由女指挥执棒，曲目为马勒第五交响曲。,二、冗余标记（性别在场却不承载信息）,2.1 职业与身份的性别前缀,演出信息的要素是指挥人选与曲目，性别前缀不承载信息。,争议样本 | 依赖假设或隐藏语境：若,是,中,文艺创作与评论,乐团介绍,index,,
MEDIUM,5,POS-0973,POSITIVE,MOVE_TO_NEGATIVE,初诊须由父母双方之一陪同，并出示双方身份证。,六、以性别设限与划界,6.2 家庭结构的窄化预设,以父母为唯一监护主体，其他监护形态无法完成初诊手续。,已知高风险边界子类 | 可被理解为具体事实或具体对象,否,中,医疗健康,儿童就诊须知,index,,
MEDIUM,5,POS-0982,POSITIVE,REVIEW,他冷冷道：这女人是我从山下带回来的，山上的规矩由我定。,七、贬损与物化（词项自带贬抑）,7.3 所有权、支配与交易隐喻,以带回与规矩宣示对他人的支配权。,争议样本 | 依赖假设或隐藏语境：若,是,中,文艺创作与评论,武侠小说,test,,
MEDIUM,5,POS-0984,POSITIVE,REVIEW,这支以女性为主的研发团队，用三年时间证明了谁说女子不如男。,七、贬损与物化（词项自带贬抑）,7.4 以某一性别为标准的评价,以男性为默认标尺，褒扬的前提是需要先反驳一个预设。,争议样本 | 处置强度较弱,是,中,新闻报道,科技报道,test,,
MEDIUM,4,POS-0272,POSITIVE,DELETE_OR_SPLIT,称谓下拉：先生 / 小姐 / 太太,六、以性别设限与划界,6.3 表单、字段与选项的强制二元,以婚姻状况区分女性称谓，而男性只有一项，构成不对等；“小姐”另有贬义。,边界子类 | 同条混合多个现象或结构化片段,否,中,工程与技术,下拉选项配置,index,,
MEDIUM,4,POS-0356,POSITIVE,REVIEW,在座各位老总，今年的返点政策我先给大家透个底。,一、缺省预设（信息缺位处默认为男性）,1.5 男性词统称混合群体,“老总”在实际使用中默认男性，用以统称在场全体经销商。,争议样本 | 边界子类,是,中,商业与产品,招商推介会,index,,
MEDIUM,4,POS-0452,POSITIVE,REVIEW,称谓（必选）：○ 先生  ○ 小姐  ○ 太太,六、以性别设限与划界,6.3 表单、字段与选项的强制二元,称谓选项按婚姻状态细分女性而不细分男性，且强制选择。,争议样本 | 边界子类,是,中,商业与产品,会员注册页,test,,
MEDIUM,4,POS-0453,POSITIVE,REVIEW,性别：□男 □女（必填，用于匹配医生与病房）,六、以性别设限与划界,6.3 表单、字段与选项的强制二元,诊疗确需生理信息，但登记项应容纳其他取值并说明用途。,争议样本 | 边界子类,是,难,医疗健康,问诊登记表,dev,,
MEDIUM,4,POS-0610,POSITIVE,REVIEW,卫生间：男（3F 东）、女（3F 西）；更衣室：男、女各一间。,六、以性别设限与划界,6.6 空间、设施与分组的非必要划分,隐私类设施保留分区是合理的，问题在于缺少可容纳其他情形的单间选项。,争议样本 | 边界子类,是,难,工程与技术,场馆设施说明,index,,
MEDIUM,4,POS-0649,POSITIVE,REVIEW,王荣昌，本邑巨商，创办纱厂三座。娶妻李氏，贤淑持家，育有三子。李氏助夫理财，然名不见于商会名录，今仅存其从夫之称。,五、关系性不对等（需比较两个对象方成立）,5.5 从夫称谓与旧式谦称,从夫称谓叠加附属化：本名未载、贡献以“助夫”表述，且以德行评语代替事迹。,争议样本 | 多触发点,是,难,公文与规章,地方志人物条目,test,,
MEDIUM,4,POS-0650,POSITIVE,REVIEW,报到当日请由爸爸妈妈双方陪同前来，母亲负责在生活登记表上签字，父亲到财务窗口办理缴费，两项手续须在下午四点前完成。,六、以性别设限与划界,6.2 家庭结构的窄化预设,家庭结构窄化叠加家庭角色默认：先要求双亲到场，再按性别分派事务类型。,已知高风险边界子类 | 多触发点,否,中,公文与规章,新生入学指引,index,,
MEDIUM,4,POS-0651,POSITIVE,REVIEW,野外考察名额二十人，其中男生十六人、女生四人，女生不参加夜间徒步与器材搬运，改在营地负责后勤与记录，此安排是出于对女同学的照顾。,六、以性别设限与划界,6.5 准入与资格的性别限制,性别配额叠加保护式区别对待：先限制名额，再以照顾为名取消其参与项目的机会。,争议样本 | 多触发点,是,中,公文与规章,实践活动方案,test,,
MEDIUM,4,POS-0692,POSITIVE,REVIEW,"gender_options = [""男"",""女""]  # 必选,不可为空",六、以性别设限与划界,6.3 表单、字段与选项的强制二元,配置层锁死二元取值，原文注释含全半角混用。,争议样本 | 边界子类,是,中,工程与技术,配置文件,index,,
MEDIUM,4,POS-0722,POSITIVE,REVIEW,当事人信息：姓名____ 性别 □男 □女（必填）关系 □夫 □妻,六、以性别设限与划界,6.3 表单、字段与选项的强制二元,司法登记确需身份要素，但关系栏以夫妻二元穷举，其他家事关系无处登记。,争议样本 | 边界子类,是,难,法律与司法,立案登记表,test,,
MEDIUM,4,POS-0799,POSITIVE,REVIEW,第四项 性别：●男 ○女（默认男，必选）,六、以性别设限与划界,6.3 表单、字段与选项的强制二元,除二元穷举外，默认值把未主动选择者一律计为男性，会污染统计口径。,争议样本 | 边界子类,是,中,公文与规章,志愿者报名表,index,,
MEDIUM,4,POS-0865,POSITIVE,REVIEW,男的嘛，找个小几岁的正常，女大三抱金砖那是老黄历了。,三、属性绑定（陈述性：把特质归于性别）,3.7 婚恋与择偶偏好的性别化,一句之内两个婚配俗规：前者把年龄差方向固定，后者以俗谚给出反例仍在同一框架内。,争议样本 | 多触发点,是,中,口语与私人交流,朋友闲聊,test,,
MEDIUM,4,POS-0906,POSITIVE,REVIEW,第三步 选择套餐：○男士套餐 ○女士套餐（必选，选定后不可更改）,六、以性别设限与划界,6.3 表单、字段与选项的强制二元,以性别打包体检项目，跨性别者与有特定筛查需求者都被迫二选一。,争议样本 | 边界子类,是,难,医疗健康,体检预约页,index,,
MEDIUM,4,POS-0912,POSITIVE,REVIEW,问卷按男生楼与女生楼分发，自习室也按性别划分了固定时段。,六、以性别设限与划界,6.6 空间、设施与分组的非必要划分,宿舍分楼有隐私依据，自习室按性别分时段则无必要，两者应分开处理。,争议样本 | 边界子类,是,难,学术与调研,宿舍调研,test,,
MEDIUM,4,POS-0913,POSITIVE,REVIEW,女士专用车位 男士勿停,六、以性别设限与划界,6.6 空间、设施与分组的非必要划分,以性别而非需求分配近电梯车位，标识体裁下更显绝对。,争议样本 | 边界子类,是,中,商业与产品,停车场标识,index,,
MEDIUM,4,POS-0974,POSITIVE,REVIEW,H2 户内成员性别：□男 □女（必填，与身份证一致）,六、以性别设限与划界,6.3 表单、字段与选项的强制二元,法定统计口径确需与证件一致，但可另设选填项承载身份表达，二者不冲突。,争议样本 | 边界子类,是,难,公文与规章,人口普查辅助表,test,,
MEDIUM,3,NEG-0049,NEGATIVE,REVIEW,建议 25 至 64 岁女性每三年进行一次宫颈细胞学筛查。,二、生理与医学必需,2.3 性别特异性器官与疾病,筛查建议的目标人群,争议样本,是,中,医疗健康,临床指南,index,,
MEDIUM,3,NEG-0072,NEGATIVE,REVIEW,自本月起，男职工陪产假由 10 天延长至 15 天，休假期间工资照发。,三、制度性与统计性区分,3.2 劳动与社会保障,现行假期制度的适用对象,争议样本,是,中,公文与规章,内部通知,index,,
MEDIUM,3,NEG-0079,NEGATIVE,REVIEW,国际泳联更新了跨性别运动员参加女子组比赛的资格条款。,三、制度性与统计性区分,3.3 体育竞技分级,规则转述,争议样本,是,中,新闻报道,新闻报道,test,,
MEDIUM,3,NEG-0081,NEGATIVE,REVIEW,女卫生间在走廊尽头右转，男卫生间在电梯口旁边。,三、制度性与统计性区分,3.4 空间与设施,导视信息，改写会导致指引失效,争议样本,是,易,公文与规章,现场指引,dev,,
MEDIUM,3,NEG-0082,NEGATIVE,REVIEW,更衣室按男女分设，六岁以下儿童可随同任一方家长入内。,三、制度性与统计性区分,3.4 空间与设施,场馆管理规定,争议样本,是,中,新闻报道,场馆公告,dev,,
MEDIUM,3,NEG-0083,NEGATIVE,REVIEW,母婴室位于 T2 航站楼四层，提供哺乳间、护理台和热水。,三、制度性与统计性区分,3.4 空间与设施,设施既有名称与功能说明,争议样本,是,中,公文与规章,机场信息,index,,
MEDIUM,3,NEG-0096,NEGATIVE,REVIEW,为改善团队性别结构，本轮校招将定向增加女性工程师岗位名额。,三、制度性与统计性区分,3.6 平权、保护与专项服务,积极行动措施的目标说明,争议样本,是,中,新闻报道,招聘公告,index,,
MEDIUM,3,NEG-0111,NEGATIVE,REVIEW,本届金鸡奖最佳女配角由一位首次触电的新人获得。,四、专有名词与固定名称,4.3 奖项、荣誉与称号,奖项设置的正式名称,争议样本,是,易,新闻报道,文娱报道,test,,
MEDIUM,3,NEG-0131,NEGATIVE,REVIEW,四层为男装及运动区，五层为女装及童装区。,四、专有名词与固定名称,4.8 品牌、产品与商业名称,楼层导视信息,争议样本,是,中,公文与规章,商场导视,index,,
MEDIUM,3,NEG-0174,NEGATIVE,REVIEW,群里不分男女，见面都叫“姐妹”。,六、自我认同与自称,6.3 社群内部用语,社群内部自称,争议样本,是,难,社交与社区,社群观察,test,,
MEDIUM,3,NEG-0176,NEGATIVE,REVIEW,“腐女”这个词最早带贬义，如今更多是圈内自称。,六、自我认同与自称,6.3 社群内部用语,被重新挪用的词汇，句子本身在说明这一点,争议样本,是,中,文艺创作与评论,文化评论,index,,
MEDIUM,3,NEG-0177,NEGATIVE,REVIEW,论坛里管资深玩家叫“老哥”，实际发帖的女玩家不少。,六、自我认同与自称,6.3 社群内部用语,社区用语实况描述,争议样本,是,中,社交与社区,游戏社区,dev,,
MEDIUM,3,NEG-0183,NEGATIVE,REVIEW,她自称“厂妹出身”，说起来并不避讳。,六、自我认同与自称,6.4 职业与身份的自我定位,当事人自称，含身份认同意味,争议样本,是,中,学术与调研,口述史,test,,
MEDIUM,3,NEG-0224,NEGATIVE,REVIEW,杨绛先生的《我们仨》出版于 2003 年。,八、语言本体层面的历史残留,8.2 敬语传统的中性化用法,尊称学者的敬语传统,争议样本,是,难,学术与调研,出版信息,dev,,
MEDIUM,3,NEG-0226,NEGATIVE,REVIEW,冰心先生晚年仍坚持写作，直到九十九岁。,八、语言本体层面的历史残留,8.2 敬语传统的中性化用法,当事人生前通行的尊称,争议样本,是,难,新闻报道,人物介绍,index,,
MEDIUM,3,NEG-0227,NEGATIVE,REVIEW,介绍时说“这位是叶先生”，指的是叶嘉莹。,八、语言本体层面的历史残留,8.2 敬语传统的中性化用法,学界通行称谓,争议样本,是,难,公文与规章,会议致辞,test,,
MEDIUM,3,NEG-0229,NEGATIVE,REVIEW,各位父老乡亲注意了，明天下午三点在村委会开会。,八、语言本体层面的历史残留,8.3 已中性化的复合词,固定惯用语，整体泛指全体村民,争议样本,是,中,公文与规章,村务广播,dev,,
MEDIUM,3,NEG-0230,NEGATIVE,REVIEW,台下男女老少一齐站起来鼓掌。,八、语言本体层面的历史残留,8.3 已中性化的复合词,四字格整体泛指全场，非强制二元分类,争议样本,是,中,新闻报道,现场报道,test,,
MEDIUM,3,NEG-0232,NEGATIVE,REVIEW,这片林子是他爷爷那辈种的，子子孙孙都得护着。,八、语言本体层面的历史残留,8.3 已中性化的复合词,泛指后代，不专指男性,争议样本,是,中,口语与私人交流,口语,index,,
MEDIUM,3,NEG-0233,NEGATIVE,REVIEW,“兄弟民族”是上世纪文献中的固定说法，今多改用“各民族”。,八、语言本体层面的历史残留,8.3 已中性化的复合词,历史文献用语，句子本身已说明其演变,争议样本,是,中,学术与调研,历史文献,index,,
MEDIUM,3,NEG-0239,NEGATIVE,REVIEW,在此感谢各兄弟单位在项目期间给予的支援。,八、语言本体层面的历史残留,8.5 惯用搭配与固定表达,机构间固定惯用语,争议样本,是,中,公文与规章,会议致辞,dev,,
MEDIUM,3,NEG-0240,NEGATIVE,REVIEW,他们（指该混合班组）刚完成工作面交接。,八、语言本体层面的历史残留,8.5 惯用搭配与固定表达,混合群体用“他们”是汉语约定用法,争议样本,是,中,口语与私人交流,班组记录,dev,,
MEDIUM,3,NEG-0243,NEGATIVE,REVIEW,“男女搭配，干活不累”是句俗语，使用时要看场合。,八、语言本体层面的历史残留,8.5 惯用搭配与固定表达,俗语原文，且句子已提示使用需谨慎,争议样本,是,中,学术与调研,语用观察,index,,
MEDIUM,3,NEG-0294,NEGATIVE,REVIEW,这是导演的处女作，成本只有三百万。,九、假触发词（形似而非）,9.6 固定词与成语,固定词，语义已完全引申,争议样本,是,中,文艺创作与评论,影评,index,,
MEDIUM,3,NEG-0295,NEGATIVE,REVIEW,这架国产客机于上月完成处女航。,九、假触发词（形似而非）,9.6 固定词与成语,固定词,争议样本,是,中,新闻报道,航空新闻,test,,
MEDIUM,3,NEG-0297,NEGATIVE,REVIEW,成都与蒙彼利埃结为姊妹城市已有四十年。,九、假触发词（形似而非）,9.6 固定词与成语,外事固定用语,争议样本,是,中,新闻报道,城市新闻,test,,
MEDIUM,3,NEG-0344,NEGATIVE,REVIEW,您咨询的九价 HPV 疫苗目前适用年龄为 9 至 45 岁女性。,二、生理与医学必需,2.3 性别特异性器官与疾病,接种适应人群的规定,争议样本,是,中,公文与规章,疫苗咨询,test,,
MEDIUM,3,NEG-0354,NEGATIVE,REVIEW,公司刚发通知，陪产假从十天涨到十五天，群里都在刷屏。,三、制度性与统计性区分,3.2 劳动与社会保障,假期制度名称,争议样本,是,中,口语与私人交流,同事群,dev,,
MEDIUM,3,NEG-0358,NEGATIVE,REVIEW,本店三楼设有母婴室和女性休息区，需要的话前台可以指引。,三、制度性与统计性区分,3.4 空间与设施,设施名称与导引信息,争议样本,是,中,公文与规章,门店客服,dev,,
MEDIUM,3,NEG-0359,NEGATIVE,REVIEW,健身房女更衣室的吹风机坏了半个月，反映了也没人修。,三、制度性与统计性区分,3.4 空间与设施,投诉指向的具体位置,争议样本,是,易,社交与社区,投诉留言,index,,
MEDIUM,3,NEG-0371,NEGATIVE,REVIEW,本片入围三项提名，其中包括最佳女演员。,四、专有名词与固定名称,4.3 奖项、荣誉与称号,奖项名称,争议样本,是,易,新闻报道,影视资讯,test,,
MEDIUM,3,NEG-0418,NEGATIVE,REVIEW,书中对几位女学者一律称“先生”，是沿用民国学界的旧例。,八、语言本体层面的历史残留,8.2 敬语传统的中性化用法,编辑体例说明，句子本身在解释该用法,争议样本,是,难,学术与调研,编辑说明,index,,
MEDIUM,3,NEG-0420,NEGATIVE,REVIEW,这事儿得跟街坊四邻打个招呼，老少爷们儿都得知会到。,八、语言本体层面的历史残留,8.3 已中性化的复合词,方言中的整体泛指,争议样本,是,中,口语与私人交流,村口口语,dev,,
MEDIUM,3,NEG-0421,NEGATIVE,REVIEW,各位听众朋友，各位父老乡亲，晚上好。,八、语言本体层面的历史残留,8.3 已中性化的复合词,广播固定开场语,争议样本,是,中,公文与规章,广播开场,index,,
MEDIUM,3,NEG-0425,NEGATIVE,REVIEW,感谢各兄弟省市在本次防汛中给予的支援。,八、语言本体层面的历史残留,8.5 惯用搭配与固定表达,机构间固定惯用语,争议样本,是,中,公文与规章,公文致辞,test,,
MEDIUM,3,NEG-0437,NEGATIVE,REVIEW,母婴室 →,三、制度性与统计性区分,3.4 空间与设施,设施标识,争议样本,是,中,公文与规章,导视牌,dev,,
MEDIUM,3,NEG-0439,NEGATIVE,REVIEW,女装 4F,三、制度性与统计性区分,3.4 空间与设施,商场楼层索引,争议样本,是,中,公文与规章,楼层索引,index,,
MEDIUM,3,NEG-0442,NEGATIVE,REVIEW,陪产假 15d,三、制度性与统计性区分,3.2 劳动与社会保障,假期类型字段,争议样本,是,中,公文与规章,假期台账,index,,
MEDIUM,3,NEG-0458,NEGATIVE,REVIEW,杨绛 先生 译,八、语言本体层面的历史残留,8.2 敬语传统的中性化用法,著者信息中的敬称,争议样本,是,难,学术与调研,著者栏,index,,
MEDIUM,3,NEG-0472,NEGATIVE,REVIEW,导演处女作,九、假触发词（形似而非）,9.6 固定词与成语,宣传固定词,争议样本,是,中,商业与产品,海报文案,index,,
MEDIUM,3,NEG-0489,NEGATIVE,REVIEW,母婴室位于Ｔ２航站楼４层，靠近 12 号登机口。,三、制度性与统计性区分,3.4 空间与设施,全半角混排的真实标识文本,争议样本,是,中,公文与规章,导视文本,index,,
MEDIUM,3,NEG-0490,NEGATIVE,REVIEW,陪产假涨到 15 天了，nsdd，总算办了件实事,三、制度性与统计性区分,3.2 劳动与社会保障,含网络缩写的口语,争议样本,是,中,口语与私人交流,同事群,dev,,
MEDIUM,3,NEG-0501,NEGATIVE,REVIEW,姐妹们！！这个价蹲了仨月了 冲就完事儿,六、自我认同与自称,6.3 社群内部用语,已泛化的招呼语,争议样本,是,中,口语与私人交流,社群聊天,index,,
MEDIUM,3,NEG-0506,NEGATIVE,REVIEW,楊絳先生的《我們仨》繁體版由時報出版發行。,八、语言本体层面的历史残留,8.2 敬语传统的中性化用法,繁体出版信息中的敬称,争议样本,是,难,学术与调研,繁体出版,test,,
MEDIUM,3,NEG-0507,NEGATIVE,REVIEW,各位父老乡亲注意了明天下午三点在村委会开会不见不散,八、语言本体层面的历史残留,8.3 已中性化的复合词,广播稿转写，无标点,争议样本,是,中,公文与规章,村务广播,index,,
MEDIUM,3,NEG-0514,NEGATIVE,REVIEW,导演的处女作就这个水平，后生可畏👏,九、假触发词（形似而非）,9.6 固定词与成语,含表情的影评,争议样本,是,中,文艺创作与评论,影评,index,,
MEDIUM,3,NEG-0558,NEGATIVE,REVIEW,男性员工可申请不少于 15 天的陪产假。,三、制度性与统计性区分,3.2 劳动与社会保障,现行假期制度的适用对象,争议样本,是,中,规范示例（基线）,规范示例句,test,,
MEDIUM,3,NEG-0562,NEGATIVE,REVIEW,跨性别运动员参加女子组比赛须符合睾酮水平的相关规定。,三、制度性与统计性区分,3.3 体育竞技分级,参赛资格规则的准确陈述,争议样本,是,中,规范示例（基线）,规范示例句,dev,,
MEDIUM,3,NEG-0564,NEGATIVE,REVIEW,二楼东侧为女更衣室，西侧为男更衣室。,三、制度性与统计性区分,3.4 空间与设施,设施指引，改写将导致实用信息失效,争议样本,是,易,规范示例（基线）,规范示例句,test,,
MEDIUM,3,NEG-0565,NEGATIVE,REVIEW,母婴室位于候机楼三层安检口右侧。,三、制度性与统计性区分,3.4 空间与设施,设施的既有名称,争议样本,是,中,规范示例（基线）,规范示例句,index,,
MEDIUM,3,NEG-0572,NEGATIVE,REVIEW,反家暴庇护所目前仅接收女性及其未成年子女。,三、制度性与统计性区分,3.6 平权、保护与专项服务,服务对象的准入规则,争议样本,是,中,规范示例（基线）,规范示例句,index,,
MEDIUM,3,NEG-0584,NEGATIVE,REVIEW,影片获得本届电影节最佳女主角提名。,四、专有名词与固定名称,4.3 奖项、荣誉与称号,奖项设置的正式名称,争议样本,是,易,规范示例（基线）,规范示例句,test,,
MEDIUM,3,NEG-0597,NEGATIVE,REVIEW,商场三层为女装区，四层为男装区。,四、专有名词与固定名称,4.8 品牌、产品与商业名称,商品分类的既有名称与导购信息,争议样本,是,中,规范示例（基线）,规范示例句,index,,
MEDIUM,3,NEG-0619,NEGATIVE,REVIEW,我们这个圈子里彼此都叫“姐妹”，不分男女。,六、自我认同与自称,6.3 社群内部用语,社群内部自称，具有重新挪用的性质,争议样本,是,难,规范示例（基线）,规范示例句,index,,
MEDIUM,3,NEG-0635,NEGATIVE,REVIEW,杨绛先生所译《堂吉诃德》流传甚广。,八、语言本体层面的历史残留,8.2 敬语传统的中性化用法,“先生”用于尊称学者，是敬语传统而非性别误称,争议样本,是,难,规范示例（基线）,规范示例句,index,,
MEDIUM,3,NEG-0636,NEGATIVE,REVIEW,叶嘉莹先生长期从事古典诗词研究与教学。,八、语言本体层面的历史残留,8.2 敬语传统的中性化用法,同上，且为当事人生前通行称谓,争议样本,是,难,规范示例（基线）,规范示例句,dev,,
MEDIUM,3,NEG-0638,NEGATIVE,REVIEW,会上向父老乡亲通报了工程进展。,八、语言本体层面的历史残留,8.3 已中性化的复合词,固定惯用语，整体泛指当地居民,争议样本,是,中,规范示例（基线）,规范示例句,index,,
MEDIUM,3,NEG-0639,NEGATIVE,REVIEW,颁奖时全场男女老少一同起立鼓掌。,八、语言本体层面的历史残留,8.3 已中性化的复合词,四字格整体泛指全体在场者，非强制二元分类,争议样本,是,中,规范示例（基线）,规范示例句,test,,
MEDIUM,3,NEG-0641,NEGATIVE,REVIEW,兄弟单位已派技术人员前来对接。,八、语言本体层面的历史残留,8.5 惯用搭配与固定表达,机构间的固定惯用语,争议样本,是,中,规范示例（基线）,规范示例句,index,,
MEDIUM,3,NEG-0704,NEGATIVE,REVIEW,本病区为女性病房，男性陪护请在探视时间内进出。,三、制度性与统计性区分,3.4 空间与设施,病区管理规定,争议样本,是,中,新闻报道,病区公告,index,,
MEDIUM,3,NEG-0726,NEGATIVE,REVIEW,他凭这个配角拿下了本届的最佳男配角。,四、专有名词与固定名称,4.3 奖项、荣誉与称号,奖项设置名称,争议样本,是,易,新闻报道,颁奖报道,test,,
MEDIUM,3,NEG-0786,NEGATIVE,REVIEW,“腐女”在圈内是自称，圈外用起来就容易变味。,六、自我认同与自称,6.3 社群内部用语,社群自称，句子已说明内外有别,争议样本,是,中,文艺创作与评论,文化评论,test,,
MEDIUM,3,NEG-0787,NEGATIVE,REVIEW,“姐妹”这个词在美妆区已经不分性别了。,六、自我认同与自称,6.3 社群内部用语,用语实况描述,争议样本,是,中,其他,平台观察,index,,
MEDIUM,3,NEG-0831,NEGATIVE,REVIEW,学界称许广平为“许先生”，是当时的通例。,八、语言本体层面的历史残留,8.2 敬语传统的中性化用法,历史称谓事实,争议样本,是,难,学术与调研,学术史,test,,
MEDIUM,3,NEG-0834,NEGATIVE,REVIEW,“兄弟姐妹”作整体泛指时，不涉及具体的性别构成。,八、语言本体层面的历史残留,8.3 已中性化的复合词,四字格的整体泛指用法,争议样本,是,中,学术与调研,语用说明,index,,
MEDIUM,3,NEG-0840,NEGATIVE,REVIEW,“男女老少”是个四字整体，不是在做二分。,八、语言本体层面的历史残留,8.5 惯用搭配与固定表达,固定语的整体用法说明,争议样本,是,中,学术与调研,语用说明,dev,,
MEDIUM,3,NEG-0843,NEGATIVE,REVIEW,“娘家人”在很多场合已经泛指原单位或原团队。,八、语言本体层面的历史残留,8.5 惯用搭配与固定表达,词义泛化的实况描述,争议样本,是,中,其他,职场用语,test,,
MEDIUM,3,NEG-0914,NEGATIVE,REVIEW,“男性更年期”这个说法在医学界一直存在争议。,二、生理与医学必需,2.2 生理周期与内分泌,术语名称，句子本身在讨论其争议,争议样本,是,中,其他,医学争鸣,index,,
MEDIUM,3,NEG-0930,NEGATIVE,REVIEW,男性护理假各省规定不一，短的 7 天，长的 30 天。,三、制度性与统计性区分,3.2 劳动与社会保障,现行制度的准确转述,争议样本,是,中,公文与规章,政策比较,index,,
MEDIUM,3,NEG-0935,NEGATIVE,REVIEW,男女宿舍分楼栋管理，晚上十一点关楼门。,三、制度性与统计性区分,3.4 空间与设施,宿舍管理规定,争议样本,是,中,公文与规章,校园管理,test,,
MEDIUM,3,NEG-0984,NEGATIVE,REVIEW,这个公会里管新人一律叫“小妹妹”，男女都这么叫。,六、自我认同与自称,6.3 社群内部用语,社区用语实况，句子已说明不分性别,争议样本,是,中,社交与社区,游戏社区,index,,
MEDIUM,3,NEG-0985,NEGATIVE,REVIEW,“美妆姐妹”这个叫法，后来男性用户也接受了。,六、自我认同与自称,6.3 社群内部用语,称呼泛化的过程记述,争议样本,是,中,其他,平台观察,test,,
MEDIUM,3,NEG-1011,NEGATIVE,REVIEW,过去管女教师也叫“先生”，现在这个用法在减少。,八、语言本体层面的历史残留,8.2 敬语传统的中性化用法,称谓演变的客观描述,争议样本,是,难,学术与调研,语用观察,test,,
MEDIUM,3,NEG-1015,NEGATIVE,REVIEW,“父老”在讲话稿里泛指当地群众，没有特指。,八、语言本体层面的历史残留,8.3 已中性化的复合词,固定用语的语用说明,争议样本,是,中,其他,讲话稿,index,,
MEDIUM,3,NEG-1018,NEGATIVE,REVIEW,“处女膜”是解剖学旧称，现在已有人主张改用“阴道瓣”。,八、语言本体层面的历史残留,8.4 语法性词汇,术语更名的记述，两个名称都需保留,争议样本,是,难,学术与调研,术语讨论,dev,,
MEDIUM,3,NEG-1021,NEGATIVE,REVIEW,“娘子军”现在多用来形容全女性团队，褒贬要看语境。,八、语言本体层面的历史残留,8.5 惯用搭配与固定表达,词语的当代用法说明,争议样本,是,中,学术与调研,语用观察,index,,
MEDIUM,3,NEG-1032,NEGATIVE,REVIEW,“处女地”在农业文献里指的是未经开垦的土地。,九、假触发词（形似而非）,9.6 固定词与成语,固定词，语义已完全引申,争议样本,是,中,其他,农业文献,dev,,
MEDIUM,3,POS-0017,POSITIVE,REVIEW,护士待会儿过来，她会先给您量个血压再登记。,一、缺省预设（信息缺位处默认为男性）,1.3 职业角色的默认代词,默认护士为女性同属职业预设，方向相反、性质相同。,已知高风险边界子类,否,中,医疗健康,门诊导医,index,,
MEDIUM,3,POS-0019,POSITIVE,REVIEW,客户经理会跟进您的需求，他通常2h内回复。,一、缺省预设（信息缺位处默认为男性）,1.3 职业角色的默认代词,泛指岗位，代词冗余。,已知高风险边界子类,否,中,商业与产品,销售流程说明,dev,,
MEDIUM,3,POS-0021,POSITIVE,REVIEW,心理老师每周三下午坐班，她会为同学们提供一对一咨询。,一、缺省预设（信息缺位处默认为男性）,1.3 职业角色的默认代词,默认心理教师为女性，与默认工程师为男性同性质。,已知高风险边界子类,否,中,公文与规章,校园通知,index,,
MEDIUM,3,POS-0022,POSITIVE,REVIEW,项目经理确认水电点位后，他将安排工人进场。,一、缺省预设（信息缺位处默认为男性）,1.3 职业角色的默认代词,岗位泛指，代词冗余。,已知高风险边界子类,否,中,商业与产品,装修合同附件,test,,
MEDIUM,3,POS-0031,POSITIVE,REVIEW,在座的各位老总，今天请大家来主要是想听听一线的声音。,一、缺省预设（信息缺位处默认为男性）,1.5 男性词统称混合群体,“老总”在口语中默认男性，正式场合宜用中性职务称呼。,处置强度较弱 | 边界子类,否,中,公文与规章,会议致辞,test,,
MEDIUM,3,POS-0032,POSITIVE,REVIEW,各位先生，本次航班即将开始登机，请做好准备。,一、缺省预设（信息缺位处默认为男性）,1.5 男性词统称混合群体,以男性称谓统称全体旅客。,边界子类 | 可被理解为具体事实或具体对象,否,易,公文与规章,机上广播,test,,
MEDIUM,3,POS-0068,POSITIVE,REVIEW,主持人称她为才女，说她琴棋书画样样都行。,二、冗余标记（性别在场却不承载信息）,2.2 性别专用与阴性化称谓,“才女”为女性专用褒称，无对称的男性说法。,处置强度较弱 | 边界子类,否,中,文艺创作与评论,综艺字幕,test,,
MEDIUM,3,POS-0069,POSITIVE,REVIEW,这次投标全靠她一个人扛下来，真是女中豪杰。,二、冗余标记（性别在场却不承载信息）,2.2 性别专用与阴性化称谓,以男性英雄谱系为参照的褒扬，兼涉 8.5。,处置强度较弱 | 边界子类,否,中,社交与社区,朋友圈,index,,
MEDIUM,3,POS-0072,POSITIVE,REVIEW,导演是位女将，镜头很稳。,二、冗余标记（性别在场却不承载信息）,2.2 性别专用与阴性化称谓,“女将”为军事语汇的阴性挪用，无对称男性说法。,处置强度较弱 | 边界子类,否,中,社交与社区,豆瓣短评,index,,
MEDIUM,3,POS-0087,POSITIVE,REVIEW,岗位：男公关 8 名｜女公关 12 名｜要求：形象好，能喝酒,二、冗余标记（性别在场却不承载信息）,2.4 服务岗位的性别化称呼与设定,岗位设定按性别分列并以外貌与饮酒为条件。,争议样本,是,中,商业与产品,酒吧岗位表,index,,
MEDIUM,3,POS-0096,POSITIVE,REVIEW,二层左侧：男孩玩具区（车模／积木）｜右侧：女孩玩具区（娃娃／过家家）,二、冗余标记（性别在场却不承载信息）,2.6 商品、空间与内容的性别化归类,按性别而非玩法分区，强化了兴趣的性别归属。,已知高风险边界子类,否,中,商业与产品,卖场导购图,index,,
MEDIUM,3,POS-0098,POSITIVE,REVIEW,这排书架标为“女性读物”，摆的是言情、育儿和减肥食谱。,二、冗余标记（性别在场却不承载信息）,2.6 商品、空间与内容的性别化归类,以性别命名书架，同时把三类题材圈定为女性专属。,已知高风险边界子类,否,中,文艺创作与评论,书店陈列说明,index,,
MEDIUM,3,POS-0099,POSITIVE,REVIEW,周二 19:00 男士力量区专场｜周四 19:00 女士塑形专场,二、冗余标记（性别在场却不承载信息）,2.6 商品、空间与内容的性别化归类,把训练类型按性别归类，力量归男、塑形归女。,已知高风险边界子类,否,中,商业与产品,健身房课程表,dev,,
MEDIUM,3,POS-0100,POSITIVE,REVIEW,这套笔专供女生用的，男生买了会被笑哈哈,二、冗余标记（性别在场却不承载信息）,2.6 商品、空间与内容的性别化归类,把商品用途按性别设限，并附加社交羞辱。,已知高风险边界子类,否,中,商业与产品,文具电商,dev,,
MEDIUM,3,POS-0101,POSITIVE,REVIEW,频道分区：男人必看的十部硬核片 ／ 女人必看的十部治愈片,二、冗余标记（性别在场却不承载信息）,2.6 商品、空间与内容的性别化归类,按性别推定观影偏好并作为分区依据。,已知高风险边界子类,否,中,文艺创作与评论,影视分区标签,index,,
MEDIUM,3,POS-0151,POSITIVE,REVIEW,男方年薪不到五十万就别来我们这条街了。,三、属性绑定（陈述性：把特质归于性别）,3.7 婚恋与择偶偏好的性别化,把经济能力设为男性择偶的准入线。,争议样本,是,中,社交与社区,相亲角见闻,test,,
MEDIUM,3,POS-0181,POSITIVE,REVIEW,我们家娶媳妇就一条，要贤惠，能相夫教子。,四、规范说教（应然性：以性别提出要求）,4.5 传统角色规训与伦理话语,传统规训话语；受访者原话属引述，编辑叙述则应改。,争议样本,是,难,口语与私人交流,家庭访谈,test,,
MEDIUM,3,POS-0190,POSITIVE,REVIEW,夜班排表尽量避开女员工，让男同事多担待一些。,四、规范说教（应然性：以性别提出要求）,4.6 保护式区别对待（善意歧视）,以性别而非实际需要分配班次，同时加重男性负担。,争议样本,是,中,公文与规章,排班说明,test,,
MEDIUM,3,POS-0193,POSITIVE,REVIEW,考虑到女工体力较弱，本工序女工可少装两箱。,四、规范说教（应然性：以性别提出要求）,4.6 保护式区别对待（善意歧视）,以性别代替客观负荷标准。,争议样本,是,中,公文与规章,车间安全规程,test,,
MEDIUM,3,POS-0194,POSITIVE,REVIEW,AA 制，女生每人一百，男生每人两百，男同志多担待。,四、规范说教（应然性：以性别提出要求）,4.6 保护式区别对待（善意歧视）,以性别设定不同费用标准，负担侧压向男性。,争议样本,是,中,社交与社区,团建通知,test,,
MEDIUM,3,POS-0235,POSITIVE,REVIEW,这位企业家上月迎娶了小他十二岁的模特。,五、关系性不对等（需比较两个对象方成立）,5.6 施受与主被动结构不对等,“迎娶”为单向施动，且以年龄差与职业定位另一方。,争议样本,是,中,新闻报道,婚讯报道,index,,
MEDIUM,3,POS-0255,POSITIVE,REVIEW,请男同志女同志们十点前到三号会议室集合。,六、以性别设限与划界,6.1 二元穷举式称呼与并称,性别划分在此无任何功能，属冗余的二元穷举。,已知高风险边界子类,否,易,公文与规章,内部通知,dev,,
MEDIUM,3,POS-0260,POSITIVE,REVIEW,男同胞女同胞们，占用您两分钟。,六、以性别设限与划界,6.1 二元穷举式称呼与并称,问卷开场的二元称呼，会让部分受访者感到被排除。,已知高风险边界子类,否,易,商业与产品,问卷开场语,test,,
MEDIUM,3,POS-0261,POSITIVE,REVIEW,请男员工刷卡进入 A 区，女员工刷卡进入 B 区。,六、以性别设限与划界,6.1 二元穷举式称呼与并称,以性别而非职能划分门禁权限，无安全依据。,已知高风险边界子类,否,中,工程与技术,机房门禁提示,test,,
MEDIUM,3,POS-0262,POSITIVE,REVIEW,请填写父亲姓名、母亲姓名及联系电话。,六、以性别设限与划界,6.2 家庭结构的窄化预设,预设双亲异性家庭结构，单亲、祖辈抚养等情形无法填写。,已知高风险边界子类,否,中,公文与规章,入学登记表,index,,
MEDIUM,3,POS-0264,POSITIVE,REVIEW,首次产检建议夫妻双方同时到场。,六、以性别设限与划界,6.2 家庭结构的窄化预设,预设婚姻关系与家庭结构。,已知高风险边界子类,否,中,医疗健康,产检须知,test,,
MEDIUM,3,POS-0266,POSITIVE,REVIEW,字段 spouse_name 说明：被访者妻子姓名,六、以性别设限与划界,6.2 家庭结构的窄化预设,字段名已中性，说明文案却收窄为异性婚姻中的女方。,已知高风险边界子类,否,中,学术与调研,数据字典,index,,
MEDIUM,3,POS-0267,POSITIVE,REVIEW,陪护人关系（请选择）：丈夫／妻子／子女,六、以性别设限与划界,6.2 家庭结构的窄化预设,把配偶关系拆成异性婚姻的两项，且遗漏其他陪护人。,已知高风险边界子类,否,中,公文与规章,医院陪护登记,test,,
MEDIUM,3,POS-0268,POSITIVE,REVIEW,第 5 题：您家中的男主人和女主人分别从事什么职业？,六、以性别设限与划界,6.2 家庭结构的窄化预设,预设家庭由一男一女两位成年人构成。,已知高风险边界子类,否,中,学术与调研,家庭调查问卷,test,,
MEDIUM,3,POS-0283,POSITIVE,REVIEW,该书被归入女性向读物，不建议男性读者阅读。,六、以性别设限与划界,6.5 准入与资格的性别限制,分类可保留讨论，但阅读建议按性别设限属排他。,争议样本,是,中,文艺创作与评论,图书分类标签,test,,
MEDIUM,3,POS-0349,POSITIVE,DELETE_OR_SPLIT,// 若用户未设置头像，则取他自己的昵称首字生成默认图,一、缺省预设（信息缺位处默认为男性）,1.2 领属与反身形式,注释中的泛指领属代词，可用“其”替代或直接省略。,同条混合多个现象或结构化片段,否,中,工程与技术,代码注释,index,,
MEDIUM,3,POS-0350,POSITIVE,REVIEW,护士会先为您测量血压，她随后引导您到候诊区就座。,一、缺省预设（信息缺位处默认为男性）,1.3 职业角色的默认代词,按护理岗位的刻板印象默认为女性，属反向的职业默认。,已知高风险边界子类,否,中,医疗健康,门诊导诊指引,dev,,
MEDIUM,3,POS-0351,POSITIVE,REVIEW,维修工程师上门前会电话确认，他通常会自带常用备件。,一、缺省预设（信息缺位处默认为男性）,1.3 职业角色的默认代词,按技术岗位的刻板印象默认为男性。,已知高风险边界子类,否,易,商业与产品,售后服务说明,index,,
MEDIUM,3,POS-0352,POSITIVE,REVIEW,保育员会在午睡后为孩子整理衣物，她也负责记录当日体温。,一、缺省预设（信息缺位处默认为男性）,1.3 职业角色的默认代词,保育岗位被默认为女性，代词同时冗余。,已知高风险边界子类,否,易,公文与规章,幼儿园入园指引,index,,
MEDIUM,3,POS-0383,POSITIVE,REVIEW,三层平台：左区「男性励志·商战」，右区「女性成长·情感」。,二、冗余标记（性别在场却不承载信息）,2.6 商品、空间与内容的性别化归类,按性别切分主题陈列，会引导读者只在被指派的区域取书。,已知高风险边界子类,否,中,商业与产品,书店陈列指引,index,,
MEDIUM,3,POS-0403,POSITIVE,REVIEW,男方年薪没到三十万就别想着找条件好的，这是硬指标。,三、属性绑定（陈述性：把特质归于性别）,3.7 婚恋与择偶偏好的性别化,把经济供养责任单向绑定于男方，并设为择偶门槛。,争议样本,是,中,社交与社区,相亲话题贴,test,,
MEDIUM,3,POS-0420,POSITIVE,REVIEW,女同志就别上高处了，梯子上的活让男同志来。,四、规范说教（应然性：以性别提出要求）,4.6 保护式区别对待（善意歧视）,以性别而非资质分配高处作业，形式上是照顾，实质是排除操作机会。,争议样本,是,中,工程与技术,车间班前会,test,,
MEDIUM,3,POS-0421,POSITIVE,REVIEW,关爱女职工，本次年度体检女员工可提前一小时下班，男员工照常。,四、规范说教（应然性：以性别提出要求）,4.6 保护式区别对待（善意歧视）,以关爱名义按性别分配福利，形成新的不对等。,争议样本,是,中,公文与规章,内部通知,test,,
MEDIUM,3,POS-0422,POSITIVE,REVIEW,明天露营，女生们只要人到就行，重活我们男生包了💪,四、规范说教（应然性：以性别提出要求）,4.6 保护式区别对待（善意歧视）,以体贴形式免除女性的参与，同时把体力义务派给男性，双向都是规训。,争议样本,是,中,社交与社区,团建通知,test,,
MEDIUM,3,POS-0446,POSITIVE,REVIEW,请各位男同志女同志于周三前完成年度述职材料提交。,六、以性别设限与划界,6.1 二元穷举式称呼与并称,“同志”本已中性，前加二元穷举既冗余又排他。,已知高风险边界子类,否,易,公文与规章,内部通知,index,,
MEDIUM,3,POS-0450,POSITIVE,REVIEW,家庭成员栏：丈夫____ 妻子____ 子女____,六、以性别设限与划界,6.2 家庭结构的窄化预设,以夫妻二元结构固定表格，其他家庭形态无处填写。,已知高风险边界子类,否,中,公文与规章,家庭情况调查表,index,,
MEDIUM,3,POS-0488,POSITIVE,REVIEW,该领域的顶尖科学家往往在四十岁前完成他最重要的工作。,一、缺省预设（信息缺位处默认为男性）,1.3 职业角色的默认代词,以高位学术角色默认男性，是该类报道的固定写法。,已知高风险边界子类,否,中,新闻报道,科研报道,test,,
MEDIUM,3,POS-0489,POSITIVE,REVIEW,行政助理需协助部门经理安排日程，她还负责会议室的预订。,一、缺省预设（信息缺位处默认为男性）,1.3 职业角色的默认代词,以辅助岗位默认女性，属反向的职业默认。,已知高风险边界子类,否,易,商业与产品,行政岗位说明,test,,
MEDIUM,3,POS-0490,POSITIVE,REVIEW,消防员接到警情后，他要在四十五秒内完成着装出车。,一、缺省预设（信息缺位处默认为男性）,1.3 职业角色的默认代词,以应急救援岗位默认男性。,已知高风险边界子类,否,易,公文与规章,消防宣传稿,index,,
MEDIUM,3,POS-0499,POSITIVE,DELETE_OR_SPLIT,/** @param userId 用户ID，回调中会把他的偏好一并返回 */,一、缺省预设（信息缺位处默认为男性）,1.8 译入与转写产生的默认,英文注释 his preferences 中文化时保留了代词。,同条混合多个现象或结构化片段,否,中,工程与技术,API 注释中文化,index,,
MEDIUM,3,POS-0519,POSITIVE,REVIEW,闺蜜款上新啦，兄弟装同步开售，快叫上你的人✨,二、冗余标记（性别在场却不承载信息）,2.6 商品、空间与内容的性别化归类,以性别化的关系词命名同款服饰，把同行关系提前分性别。,已知高风险边界子类,否,中,商业与产品,服饰推广,index,,
MEDIUM,3,POS-0539,POSITIVE,REVIEW,她说自己这些年就是相夫教子，别的没做什么。,三、属性绑定（陈述性：把特质归于性别）,3.3 劳动与人生领域的分工绑定,作陈述使用时，该成语把家务与育儿描述成以丈夫为中心的分工。,争议样本,是,中,文艺创作与评论,人物访谈,index,,
MEDIUM,3,POS-0548,POSITIVE,REVIEW,现在的行情就是男的要有房有车，彩礼本来就是男方的责任。,三、属性绑定（陈述性：把特质归于性别）,3.7 婚恋与择偶偏好的性别化,把婚前财产投入单向归为男方义务。,争议样本,是,中,社交与社区,婚恋话题贴,test,,
MEDIUM,3,POS-0568,POSITIVE,REVIEW,女同志别搬了，这批料重，重活男生来，你们去登记。,四、规范说教（应然性：以性别提出要求）,4.6 保护式区别对待（善意歧视）,以照顾名义按性别分派体力活与文书活，双向都是区别对待。,争议样本,是,中,工程与技术,车间班前会,test,,
MEDIUM,3,POS-0569,POSITIVE,REVIEW,照顾一下女同志，女的不用值夜班，夜班全部由男同事轮。,四、规范说教（应然性：以性别提出要求）,4.6 保护式区别对待（善意歧视）,以照顾为名把夜班义务单向压给男同事，同时取消女同事的选择权。,争议样本,是,中,公文与规章,值班安排,test,,
MEDIUM,3,POS-0585,POSITIVE,REVIEW,三年前他迎娶了邻村的姑娘，如今她已为他生下一子。,五、关系性不对等（需比较两个对象方成立）,5.6 施受与主被动结构不对等,男方为施事、女方为受事与服务者，同一事件两侧结构不对等。,争议样本,是,中,新闻报道,家庭报道,dev,,
MEDIUM,3,POS-0593,POSITIVE,REVIEW,请全体男生女生于周三下午三点到操场集合。,六、以性别设限与划界,6.1 二元穷举式称呼与并称,以二元穷举统称全体学生，“同学”本已中性。,已知高风险边界子类,否,易,公文与规章,校园通知,dev,,
MEDIUM,3,POS-0596,POSITIVE,REVIEW,咱们院里老少爷们儿、男男女女都来啊，晚上七点放电影。,六、以性别设限与划界,6.1 二元穷举式称呼与并称,先以男性词统称，再以二元穷举补全，两层都排他。,已知高风险边界子类,否,中,社交与社区,社区活动通知,index,,
MEDIUM,3,POS-0598,POSITIVE,REVIEW,本周五家长会，请爸爸妈妈填写反馈表并按时到场。,六、以性别设限与划界,6.2 家庭结构的窄化预设,以父母二人穷举全部监护人，单亲、祖辈抚养等情形被排除。,已知高风险边界子类,否,易,公文与规章,家长会通知,dev,,
MEDIUM,3,POS-0600,POSITIVE,REVIEW,监护信息：孩子的父亲____ 孩子的母亲____（两栏均为必填）,六、以性别设限与划界,6.2 家庭结构的窄化预设,字段以异性双亲为唯一结构，且必填约束使其他情形无法录入。,已知高风险边界子类,否,中,公文与规章,学籍档案表,index,,
MEDIUM,3,POS-0611,POSITIVE,REVIEW,妇科是女性专属科室，男的挂错号了，去泌尿外科。,六、以性别设限与划界,6.7 生理与医学表述的性别绝对化,科室诊疗范围可陈述，但“专属”这一绝对化表述会阻断跨性别者与部分患者的就诊路径。,争议样本,是,难,医疗健康,门诊导医,test,,
MEDIUM,3,POS-0671,POSITIVE,REVIEW,男孩玩具区,二、冗余标记（性别在场却不承载信息）,2.6 商品、空间与内容的性别化归类,以性别命名货架分区，会引导顾客只在被指派的一侧选购。,已知高风险边界子类,否,易,商业与产品,卖场导购图,index,,
MEDIUM,3,POS-0678,POSITIVE,REVIEW,对接人是那个 那个技术负责人 他明天过来看现场,一、缺省预设（信息缺位处默认为男性）,1.3 职业角色的默认代词,转写稿中泛指岗位后接代词，含口语重复与无标点。,已知高风险边界子类,否,中,公文与规章,会议语音转写,dev,,
MEDIUM,3,POS-0689,POSITIVE,REVIEW,"请各位男同志,女同志于14:30前到二号会议室签到。",六、以性别设限与划界,6.1 二元穷举式称呼与并称,二元穷举称呼，且原文半角逗号与全角句号混用。,已知高风险边界子类,否,中,公文与规章,会务通知,dev,,
MEDIUM,3,POS-0694,POSITIVE,REVIEW,女同志不要搬重物 有需要找男同事帮忙,四、规范说教（应然性：以性别提出要求）,4.6 保护式区别对待（善意歧视）,以性别而非重量限制作业，形式为照顾，实质取消操作机会；原文无标点。,争议样本,是,中,公文与规章,仓库告示,test,,
MEDIUM,3,POS-0698,POSITIVE,REVIEW,现在的 xj 标准就是男的看条件女的看脸，都心知肚明。,三、属性绑定（陈述性：把特质归于性别）,3.7 婚恋与择偶偏好的性别化,把择偶维度按性别对半分派，原文含拼音缩写。,争议样本,是,难,社交与社区,相亲话题贴,test,,
MEDIUM,3,POS-0728,POSITIVE,DELETE_OR_SPLIT,// 若 gender 为空，则按姓名末字查表推断后写回，供风控模型使用,六、以性别设限与划界,6.4 依推定的性别称谓指派,以姓名推断性别并落库进风控链路，误判会直接影响授信等实质权益。,同条混合多个现象或结构化片段,否,难,工程与技术,风控规则,test,,
MEDIUM,3,POS-0735,POSITIVE,REVIEW,这个报错你别自己硬啃了，找个程序员，他一眼就能看出来。,一、缺省预设（信息缺位处默认为男性）,1.3 职业角色的默认代词,以技术岗位默认男性，代词同时冗余。,已知高风险边界子类,否,易,口语与私人交流,日常对话,index,,
MEDIUM,3,POS-0736,POSITIVE,REVIEW,语文老师说她明天讲评作文，让孩子把作文本带齐📖,一、缺省预设（信息缺位处默认为男性）,1.3 职业角色的默认代词,任课教师性别未知时默认为女性，属反向的职业默认。,已知高风险边界子类,否,易,社交与社区,家校微信群,index,,
MEDIUM,3,POS-0752,POSITIVE,REVIEW,配色映射：粉色系＝女款，蓝黑系＝男款，米色＝通用。,二、冗余标记（性别在场却不承载信息）,2.6 商品、空间与内容的性别化归类,把颜色与性别做硬映射，会沿着筛选与推荐链路扩散。,已知高风险边界子类,否,中,商业与产品,商品配色规则,dev,,
MEDIUM,3,POS-0753,POSITIVE,REVIEW,女生专用小方镜,二、冗余标记（性别在场却不承载信息）,2.6 商品、空间与内容的性别化归类,以性别限定商品使用者，把可用范围提前收窄。,已知高风险边界子类,否,易,商业与产品,校园周边海报,test,,
MEDIUM,3,POS-0756,POSITIVE,REVIEW,办理转学须同时提供孩子的父亲和母亲的身份证复印件及居住证明。,六、以性别设限与划界,6.2 家庭结构的窄化预设,以异性双亲为唯一材料主体，单亲、祖辈抚养等情形无法办理。,已知高风险边界子类,否,中,公文与规章,转学审批须知,test,,
MEDIUM,3,POS-0770,POSITIVE,REVIEW,男主一句你是我的女人就把女主定住了，这种写法现在还有人吃。,七、贬损与物化（词项自带贬抑）,7.3 所有权、支配与交易隐喻,书评在批评该写法，却原样复述了所有权宣告。,争议样本,是,难,社交与社区,网文书评,index,,
MEDIUM,3,POS-0773,POSITIVE,REVIEW,这首歌唱的就是男儿有泪不轻弹，把成年男人的隐忍写透了。,四、规范说教（应然性：以性别提出要求）,4.1 应然句式,乐评把该规训作为正面主题加以肯定，而非仅作引用。,争议样本,是,中,文艺创作与评论,乐评,index,,
MEDIUM,3,POS-0776,POSITIVE,REVIEW,"salutation = ""女士们、先生们：""  # 群发邮件统一抬头",六、以性别设限与划界,6.1 二元穷举式称呼与并称,群发抬头以二元穷举覆盖全部收件人，模板层的排他会随每次发送放大。,已知高风险边界子类,否,中,商业与产品,邮件模板,dev,,
MEDIUM,3,POS-0788,POSITIVE,REVIEW,调解中，男方多次表示欠债不还就不算男人，愿意变卖房产清偿。,四、规范说教（应然性：以性别提出要求）,4.2 资格与身份定义,笔录如实记录当事人原话时应加引号标注；此处作为叙述语言直接采用了该判据。,争议样本,是,难,法律与司法,调解笔录,index,,
MEDIUM,3,POS-0804,POSITIVE,REVIEW,"header = ""尊敬的{last_name}先生：本期账单已生成""",一、缺省预设（信息缺位处默认为男性）,1.6 收件与受众称谓默认,账单模板默认收件人为男性，随每期账单批量发出。,已知高风险边界子类,否,中,商业与产品,账单模板,dev,,
MEDIUM,3,POS-0808,POSITIVE,DELETE_OR_SPLIT,// 审批人驳回后，他需填写驳回原因，否则状态不流转,一、缺省预设（信息缺位处默认为男性）,1.1 泛指人称代词,注释中的岗位泛指代词。,同条混合多个现象或结构化片段,否,中,工程与技术,状态机注释,dev,,
MEDIUM,3,POS-0812,POSITIVE,REVIEW,水电师傅上门先量尺，他会给你一张点位图，照着确认就行。,一、缺省预设（信息缺位处默认为男性）,1.3 职业角色的默认代词,以施工岗位默认男性。,已知高风险边界子类,否,易,社交与社区,装修经验贴,test,,
MEDIUM,3,POS-0813,POSITIVE,REVIEW,每位产妇配一名育儿师，她负责夜间喂养与记录。,一、缺省预设（信息缺位处默认为男性）,1.3 职业角色的默认代词,以照护岗位默认女性，属反向默认。,已知高风险边界子类,否,易,商业与产品,月子中心介绍,test,,
MEDIUM,3,POS-0814,POSITIVE,REVIEW,承办检察官提前介入，他调取了案发前后的全部监控。,一、缺省预设（信息缺位处默认为男性）,1.3 职业角色的默认代词,以司法岗位默认男性。,已知高风险边界子类,否,中,新闻报道,法治报道,dev,,
MEDIUM,3,POS-0835,POSITIVE,REVIEW,前台小姐姐会帮您登记，客服小姐姐随后对接。,二、冗余标记（性别在场却不承载信息）,2.4 服务岗位的性别化称呼与设定,以性别化昵称指代两个岗位，把服务岗默认为女性。,可被理解为具体事实或具体对象 | 多触发点,否,易,商业与产品,前台话术,dev,,
MEDIUM,3,POS-0839,POSITIVE,REVIEW,力量区课程面向男会员，塑形操课面向女会员，请按标识入场。,二、冗余标记（性别在场却不承载信息）,2.6 商品、空间与内容的性别化归类,按性别切分训练内容，把训练目标提前指派。,已知高风险边界子类,否,中,商业与产品,健身房课程表,dev,,
MEDIUM,3,POS-0841,POSITIVE,REVIEW,男人必读的十本硬核书单,二、冗余标记（性别在场却不承载信息）,2.6 商品、空间与内容的性别化归类,以性别限定读者，把书单内容与性别绑定。,已知高风险边界子类,否,易,商业与产品,书单标题,test,,
MEDIUM,3,POS-0844,POSITIVE,REVIEW,编剧显然信奉三个女人一台戏，几场群戏全靠互相拆台推进。,三、属性绑定（陈述性：把特质归于性别）,3.1 性格与心理特质的本质化,剧评在批评该套路，却以该俗谚作为概括，仍完整复述了本质化表述。,争议样本,是,难,文艺创作与评论,剧评,index,,
MEDIUM,3,POS-0851,POSITIVE,REVIEW,灶台前那盏灯，二十年来只为一个人亮着，那是母亲的岗位。,三、属性绑定（陈述性：把特质归于性别）,3.3 劳动与人生领域的分工绑定,以抒情笔法把厨房固定为母亲的专属位置。,争议样本,是,中,文艺创作与评论,家庭剧旁白,dev,,
MEDIUM,3,POS-0882,POSITIVE,REVIEW,现场指挥考虑到女消防员体力，安排她们在外围警戒，未参与内攻。,四、规范说教（应然性：以性别提出要求）,4.6 保护式区别对待（善意歧视）,以性别而非资质分配任务，形式为照顾，实质取消其一线经验积累。,争议样本,是,中,新闻报道,救援报道,test,,
MEDIUM,3,POS-0884,POSITIVE,REVIEW,长途驾驶让男同事轮着来，女同事负责导航和订房，大家都轻松。,四、规范说教（应然性：以性别提出要求）,4.6 保护式区别对待（善意歧视）,按性别分派驾驶与后勤，形式上是体贴，实质是固定角色。,争议样本,是,中,商业与产品,团队出差安排,test,,
MEDIUM,3,POS-0894,POSITIVE,REVIEW,登记项：烈士遗孀姓名____ 与烈士关系 □妻,五、关系性不对等（需比较两个对象方成立）,5.5 从夫称谓与旧式谦称,以“遗孀”定义身份，且关系栏单向穷举，其他情形无法登记。,争议样本,是,中,公文与规章,优抚登记,dev,,
MEDIUM,3,POS-0903,POSITIVE,REVIEW,"welcome.male = ""先生您好""
welcome.female = ""女士您好""",六、以性别设限与划界,6.1 二元穷举式称呼与并称,文案在键值层就按性别分叉，任何缺失或未知取值都无处落地。,已知高风险边界子类,否,中,工程与技术,国际化文案键,index,,
MEDIUM,3,POS-0904,POSITIVE,REVIEW,家庭套餐含两大一小，需一位爸爸与一位妈妈同行方可享受优惠。,六、以性别设限与划界,6.2 家庭结构的窄化预设,把优惠条件绑定为异性双亲结构，其他家庭无法享受。,已知高风险边界子类,否,中,商业与产品,亲子套餐说明,test,,
MEDIUM,3,POS-0909,POSITIVE,DELETE_OR_SPLIT,// 语音入线时，先按基频推断性别，再选择男声或女声话术模板,六、以性别设限与划界,6.4 依推定的性别称谓指派,以声学特征推断性别并切换话术，误判率高且用户无从纠正。,同条混合多个现象或结构化片段,否,难,工程与技术,智能客服意图模型,test,,
MEDIUM,3,POS-0920,POSITIVE,REVIEW,这个角色被塑造成典型的恶婆婆，脸谱化得让人出戏。,七、贬损与物化（词项自带贬抑）,7.1 性别化侮辱标签,以固定贬称概括家庭角色，是家庭伦理剧中的高频脸谱标签。,争议样本,是,中,文艺创作与评论,影视点评,test,,
MEDIUM,3,POS-0926,POSITIVE,REVIEW,很多人觉得结了婚老婆就是自己的，想怎么样就怎么样，这在法律上叫家庭暴力。,七、贬损与物化（词项自带贬抑）,7.3 所有权、支配与交易隐喻,脚本在普法，却以所有权口吻完整复述了该观念。,争议样本,是,难,法律与司法,普法短视频脚本,test,,
MEDIUM,3,POS-0931,POSITIVE,REVIEW,您瞧他那位，典型的母老虎脾气，一嗓子能掀了屋顶。,七、贬损与物化（词项自带贬抑）,7.5 性别化詈词与轻蔑语,以猛兽比附女性脾气，脚本以取笑为目的更强化了贬抑。,争议样本,是,中,文艺创作与评论,相声脚本,dev,,
MEDIUM,3,POS-0932,POSITIVE,DELETE_OR_SPLIT,// 这段逻辑写得婆婆妈妈，三层嵌套完全没必要，建议重构,七、贬损与物化（词项自带贬抑）,7.5 性别化詈词与轻蔑语,评审意见中使用性别化贬义词，既不专业也带贬抑。,同条混合多个现象或结构化片段,否,中,工程与技术,代码评审意见,test,,
MEDIUM,3,POS-0937,POSITIVE,REVIEW,监理进场第一天，他会拍一套隐蔽工程的底片留档。,一、缺省预设（信息缺位处默认为男性）,1.3 职业角色的默认代词,以监理岗位默认男性。,已知高风险边界子类,否,易,社交与社区,装修监理帖,index,,
MEDIUM,3,POS-0938,POSITIVE,REVIEW,如需查阅古籍，请联系典藏馆员，她会协助办理预约。,一、缺省预设（信息缺位处默认为男性）,1.3 职业角色的默认代词,以馆员岗位默认女性，属反向默认。,已知高风险边界子类,否,易,公文与规章,图书馆指引,test,,
MEDIUM,3,POS-0944,POSITIVE,REVIEW,本周由男助产士值班，孕妇如有顾虑可提前告知。,二、冗余标记（性别在场却不承载信息）,2.1 职业与身份的性别前缀,前缀把该从业者标为需要预先说明的例外。,争议样本,是,难,医疗健康,科室公告,index,,
MEDIUM,3,POS-0949,POSITIVE,REVIEW,闺蜜团线路主打拍照打卡，兄弟团线路主打越野露营。,二、冗余标记（性别在场却不承载信息）,2.6 商品、空间与内容的性别化归类,以性别化关系词命名线路，把旅行方式提前分性别。,已知高风险边界子类,否,中,商业与产品,旅行社产品说明,index,,
MEDIUM,3,POS-0962,POSITIVE,REVIEW,她二十年如一日照顾公婆，从无怨言，是远近闻名的好儿媳。,四、规范说教（应然性：以性别提出要求）,4.5 传统角色规训与伦理话语,以“无怨言”与身份称号把照护义务单向确立为女性的美德标准。,争议样本,是,中,公文与规章,文明家庭事迹,test,,
MEDIUM,3,POS-0963,POSITIVE,REVIEW,考虑到女同事家庭负担较重，本次驻外名单未纳入女性人选。,四、规范说教（应然性：以性别提出要求）,4.6 保护式区别对待（善意歧视）,以体谅为名整体排除一类人选，是善意歧视中后果最实的一种。,争议样本,是,中,公文与规章,外派名单说明,test,,
